date,entry_time,exit_time,side,entry_price,sl,tp2,total_R,asia_high,asia_low,cum_R
2018-01-04,2018-01-04 08:20:00+00:00,2018-01-04 09:05:00+00:00,short,1310.691,1312.211,1307.651,-1.0,1311.122,1305.869,-1.0
2018-01-11,2018-01-11 08:00:00+00:00,2018-01-11 12:00:00+00:00,long,1316.559,1315.542,1318.593,2.1531956735496474,1320.777,1316.542,1.1531956735496474
2018-01-12,2018-01-12 09:10:00+00:00,2018-01-12 09:30:00+00:00,short,1330.301,1331.531,1327.841,-1.0,1330.322,1322.741,0.15319567354964736
2018-01-22,2018-01-22 08:30:00+00:00,2018-01-22 12:00:00+00:00,long,1330.639,1329.212,1333.4929999999997,1.9376313945340242,1334.942,1330.351,2.0908270680836716
2018-01-23,2018-01-23 08:40:00+00:00,2018-01-23 11:15:00+00:00,short,1336.699,1338.178,1333.741,-1.0,1337.178,1333.092,1.0908270680836716
2018-01-26,2018-01-26 09:10:00+00:00,2018-01-26 09:30:00+00:00,short,1353.679,1355.449,1350.1390000000001,-1.0,1353.762,1345.841,0.09082706808367158
2018-01-29,2018-01-29 08:10:00+00:00,2018-01-29 12:00:00+00:00,long,1346.672,1344.989,1350.038,0.0808080808080617,1352.358,1346.391,0.17163514889173329
2018-01-31,2018-01-31 08:00:00+00:00,2018-01-31 12:00:00+00:00,short,1342.801,1344.229,1339.9449999999997,-0.658263305322116,1343.229,1336.451,-0.4866281564303827
2018-02-02,2018-02-02 09:35:00+00:00,2018-02-02 10:10:00+00:00,long,1346.768,1345.252,1349.8000000000002,-1.0,1350.049,1346.391,-1.4866281564303827
2018-02-07,2018-02-07 08:25:00+00:00,2018-02-07 12:00:00+00:00,short,1329.771,1331.718,1325.8769999999997,0.939393939393858,1330.718,1324.331,-0.5472342170365248
2018-02-08,2018-02-08 09:00:00+00:00,2018-02-08 12:00:00+00:00,long,1310.418,1308.699,1313.8559999999995,1.0081442699245797,1319.172,1309.699,0.460910052888055
2018-02-09,2018-02-09 09:55:00+00:00,2018-02-09 11:05:00+00:00,long,1316.121,1314.481,1319.4010000000003,-1.0,1321.992,1316.058,-0.539089947111945
2018-02-13,2018-02-13 08:50:00+00:00,2018-02-13 10:35:00+00:00,short,1328.548,1330.322,1325.0000000000002,-1.0,1328.708,1321.558,-1.539089947111945
2018-02-14,2018-02-14 09:10:00+00:00,2018-02-14 11:50:00+00:00,long,1331.119,1329.889,1333.579,-1.0,1336.942,1330.889,-2.539089947111945
2018-02-15,2018-02-15 08:25:00+00:00,2018-02-15 08:55:00+00:00,short,1355.188,1356.618,1352.3280000000004,-1.0,1355.202,1350.678,-3.539089947111945
2018-02-16,2018-02-16 08:15:00+00:00,2018-02-16 09:30:00+00:00,short,1359.718,1361.322,1356.5100000000004,-1.0,1359.949,1352.369,-4.539089947111945
2018-02-21,2018-02-21 08:00:00+00:00,2018-02-21 12:00:00+00:00,long,1326.099,1324.381,1329.5349999999996,1.8770663562282097,1330.719,1325.472,-2.6620235908837353
2018-02-22,2018-02-22 08:35:00+00:00,2018-02-22 12:00:00+00:00,long,1322.621,1321.191,1325.4810000000002,0.24475524475517027,1326.828,1322.3,-2.417268346128565
2018-02-26,2018-02-26 08:00:00+00:00,2018-02-26 12:00:00+00:00,short,1338.912,1340.728,1335.28,0.5302863436123068,1339.728,1326.998,-1.886982002516258
2018-02-28,2018-02-28 09:30:00+00:00,2018-02-28 09:40:00+00:00,short,1318.919,1320.362,1316.0330000000001,-1.0,1318.969,1315.581,-2.886982002516258
2018-03-05,2018-03-05 08:00:00+00:00,2018-03-05 12:00:00+00:00,short,1326.932,1328.249,1324.298,2.0618071374335494,1327.064,1322.411,-0.8251748650827087
2018-03-06,2018-03-06 08:00:00+00:00,2018-03-06 12:00:00+00:00,long,1320.911,1319.532,1323.6690000000003,2.5153009427120105,1324.152,1320.798,1.690126077629302
2018-03-07,2018-03-07 08:05:00+00:00,2018-03-07 12:00:00+00:00,long,1332.469,1330.548,1336.3110000000001,-1.0619469026548212,1340.352,1332.068,0.6281791749744807
2018-03-08,2018-03-08 08:05:00+00:00,2018-03-08 12:00:00+00:00,short,1327.861,1329.408,1324.7670000000005,1.9723335488041998,1328.099,1323.598,2.6005127237786807
2018-03-13,2018-03-13 08:20:00+00:00,2018-03-13 12:00:00+00:00,long,1318.561,1316.728,1322.2269999999996,0.07474086197500367,1325.292,1318.278,2.6752535857536843
2018-03-14,2018-03-14 08:20:00+00:00,2018-03-14 12:00:00+00:00,long,1324.228,1322.568,1327.5480000000002,1.3132530120480295,1329.989,1323.961,3.988506597801714
2018-03-19,2018-03-19 08:10:00+00:00,2018-03-19 12:00:00+00:00,long,1308.759,1307.399,1311.4790000000003,2.0102941176470153,1313.112,1308.722,5.998800715448729
2018-03-20,2018-03-20 08:15:00+00:00,2018-03-20 09:50:00+00:00,long,1314.668,1313.228,1317.5479999999995,-1.0,1317.392,1314.611,4.998800715448729
2018-03-23,2018-03-23 08:15:00+00:00,2018-03-23 08:30:00+00:00,short,1339.048,1340.421,1336.302,-1.0,1339.088,1331.718,3.998800715448729
2018-03-27,2018-03-27 08:55:00+00:00,2018-03-27 09:05:00+00:00,long,1351.271,1349.821,1354.171,-1.0,1355.182,1350.821,2.998800715448729
2018-03-28,2018-03-28 08:00:00+00:00,2018-03-28 09:40:00+00:00,long,1341.929,1340.598,1344.5910000000003,-1.0,1346.972,1341.888,1.9988007154487288
2018-03-29,2018-03-29 08:00:00+00:00,2018-03-29 09:35:00+00:00,long,1325.041,1323.671,1327.7809999999997,-1.0,1328.269,1324.688,0.9988007154487288
2018-04-03,2018-04-03 08:25:00+00:00,2018-04-03 12:00:00+00:00,long,1337.569,1335.941,1340.8249999999998,0.12837837837842084,1342.491,1337.219,1.1271790938271498
2018-04-09,2018-04-09 08:05:00+00:00,2018-04-09 08:35:00+00:00,long,1329.889,1328.048,1333.5709999999997,-1.0,1333.489,1329.762,0.12717909382714976
2018-04-12,2018-04-12 08:00:00+00:00,2018-04-12 08:55:00+00:00,long,1349.018,1347.572,1351.9100000000003,-1.0,1353.151,1348.572,-0.8728209061728502
2018-04-13,2018-04-13 09:15:00+00:00,2018-04-13 12:00:00+00:00,short,1340.45,1342.032,1337.2860000000003,2.1993678887484633,1340.998,1336.439,1.326546982575613
2018-04-18,2018-04-18 09:45:00+00:00,2018-04-18 10:40:00+00:00,short,1345.721,1347.961,1341.241,-1.0,1346.848,1342.251,0.3265469825756131
2018-04-19,2018-04-19 08:05:00+00:00,2018-04-19 12:00:00+00:00,short,1352.592,1354.031,1349.7140000000004,1.9962473940236842,1353.001,1347.978,2.3227943765992976
2018-04-20,2018-04-20 08:00:00+00:00,2018-04-20 09:30:00+00:00,long,1341.279,1339.558,1344.721,-1.0,1345.679,1341.218,1.3227943765992976
2018-04-26,2018-04-26 08:55:00+00:00,2018-04-26 12:00:00+00:00,long,1322.321,1320.951,1325.0609999999997,1.951386861313919,1324.619,1321.969,3.2741812379132167
2018-04-27,2018-04-27 08:10:00+00:00,2018-04-27 10:35:00+00:00,short,1317.919,1319.738,1314.2810000000002,-1.0,1318.178,1315.522,2.2741812379132167
2018-05-03,2018-05-03 08:55:00+00:00,2018-05-03 09:20:00+00:00,short,1310.272,1311.839,1307.138,-1.0,1310.459,1305.428,1.2741812379132167
2018-05-07,2018-05-07 08:40:00+00:00,2018-05-07 11:45:00+00:00,long,1313.739,1311.648,1317.9210000000003,-1.0,1318.889,1313.479,0.2741812379132167
2018-05-08,2018-05-08 09:15:00+00:00,2018-05-08 09:40:00+00:00,long,1310.778,1309.499,1313.336,-1.0,1317.008,1310.75,-0.7258187620867833
2018-05-10,2018-05-10 09:20:00+00:00,2018-05-10 10:35:00+00:00,short,1315.209,1316.661,1312.305,-1.0,1315.661,1311.028,-1.7258187620867833
2018-05-11,2018-05-11 08:10:00+00:00,2018-05-11 08:30:00+00:00,short,1321.958,1323.229,1319.4160000000002,-1.0,1322.101,1318.429,-2.7258187620867833
2018-05-15,2018-05-15 08:05:00+00:00,2018-05-15 08:40:00+00:00,long,1311.043,1309.639,1313.8509999999999,-1.0,1314.819,1310.661,-3.7258187620867833
2018-05-16,2018-05-16 08:30:00+00:00,2018-05-16 12:00:00+00:00,short,1294.288,1296.228,1290.408,2.2319587628865913,1295.028,1291.278,-1.493859999200192
2018-05-24,2018-05-24 08:00:00+00:00,2018-05-24 08:30:00+00:00,short,1296.089,1297.209,1293.8489999999997,-1.0,1296.091,1293.699,-2.493859999200192
2018-05-25,2018-05-25 08:35:00+00:00,2018-05-25 10:25:00+00:00,short,1304.622,1306.089,1301.6880000000003,-1.0,1304.712,1301.578,-3.493859999200192
2018-05-28,2018-05-28 08:15:00+00:00,2018-05-28 12:00:00+00:00,long,1297.019,1295.359,1300.3390000000002,1.2524096385541255,1299.739,1296.988,-2.2414503606460663
2018-05-29,2018-05-29 08:00:00+00:00,2018-05-29 12:00:00+00:00,long,1297.889,1296.048,1301.5709999999997,2.1008147745790757,1301.262,1297.309,-0.14063558606699056
2018-05-30,2018-05-30 08:20:00+00:00,2018-05-30 12:00:00+00:00,long,1298.618,1295.639,1304.576,-0.1473648875461043,1302.708,1297.558,-0.2880004736130949
2018-05-31,2018-05-31 08:45:00+00:00,2018-05-31 12:00:00+00:00,short,1304.751,1306.109,1302.035,0.5324005891016086,1304.801,1301.129,0.2444001154885137
2018-06-04,2018-06-04 09:15:00+00:00,2018-06-04 09:30:00+00:00,short,1293.818,1295.028,1291.398,-1.0,1294.021,1290.748,-0.7555998845114863
2018-06-05,2018-06-05 09:00:00+00:00,2018-06-05 12:00:00+00:00,short,1292.188,1293.688,1289.188,0.2973333333334267,1292.638,1289.868,-0.4582665511780596
2018-06-06,2018-06-06 08:50:00+00:00,2018-06-06 09:10:00+00:00,long,1296.838,1295.349,1299.816,-1.0,1298.762,1296.349,-1.4582665511780597
2018-06-07,2018-06-07 08:10:00+00:00,2018-06-07 10:00:00+00:00,short,1297.731,1299.359,1294.4750000000001,-1.0,1298.178,1295.508,-2.4582665511780597
2018-06-13,2018-06-13 09:05:00+00:00,2018-06-13 12:00:00+00:00,long,1294.562,1293.259,1297.1679999999997,-0.07214121258621026,1296.039,1294.412,-2.53040776376427
2018-06-15,2018-06-15 08:10:00+00:00,2018-06-15 10:00:00+00:00,long,1300.829,1298.809,1304.869,-1.0,1302.968,1300.149,-3.53040776376427
2018-06-20,2018-06-20 09:15:00+00:00,2018-06-20 10:35:00+00:00,long,1273.239,1271.189,1277.339,-1.0,1276.288,1273.069,-4.53040776376427
2018-06-21,2018-06-21 08:15:00+00:00,2018-06-21 08:55:00+00:00,long,1264.088,1262.488,1267.2879999999998,-1.0,1270.011,1264.028,-5.53040776376427
2018-06-28,2018-06-28 09:45:00+00:00,2018-06-28 12:00:00+00:00,long,1251.178,1249.459,1254.6160000000002,0.29726585223964636,1254.078,1251.078,-5.233141911524624
2018-07-02,2018-07-02 08:15:00+00:00,2018-07-02 12:00:00+00:00,long,1249.189,1247.678,1252.211,-0.09331568497688912,1253.579,1248.979,-5.326457596501513
2018-07-05,2018-07-05 08:00:00+00:00,2018-07-05 09:50:00+00:00,long,1253.341,1252.159,1255.7049999999995,-1.0,1258.139,1253.338,-6.326457596501513
2018-07-12,2018-07-12 08:40:00+00:00,2018-07-12 12:00:00+00:00,short,1244.769,1246.119,1242.0690000000002,0.3851851851851977,1244.878,1241.258,-5.941272411316315
2018-07-20,2018-07-20 08:20:00+00:00,2018-07-20 09:50:00+00:00,short,1223.708,1225.401,1220.3220000000001,-1.0,1224.092,1215.659,-6.941272411316315
2018-08-01,2018-08-01 08:40:00+00:00,2018-08-01 12:00:00+00:00,short,1223.731,1225.691,1219.811,0.33826530612244826,1224.691,1220.139,-6.603007105193867
2018-08-02,2018-08-02 08:15:00+00:00,2018-08-02 09:35:00+00:00,long,1217.188,1215.748,1220.0680000000002,-1.0,1221.268,1217.088,-7.603007105193867
2018-08-03,2018-08-03 08:15:00+00:00,2018-08-03 12:00:00+00:00,long,1206.709,1204.998,1210.131,2.0826417299824516,1210.382,1206.508,-5.520365375211416
2018-08-08,2018-08-08 08:00:00+00:00,2018-08-08 12:00:00+00:00,short,1213.819,1215.918,1209.621,1.924726060028586,1214.749,1210.829,-3.5956393151828294
2018-08-09,2018-08-09 08:05:00+00:00,2018-08-09 12:00:00+00:00,long,1212.378,1210.888,1215.358,1.8859060402684693,1215.539,1212.268,-1.7097332749143601
2018-08-10,2018-08-10 08:30:00+00:00,2018-08-10 12:00:00+00:00,long,1207.899,1206.309,1211.0789999999997,2.202389937106976,1213.349,1207.731,0.49265666219261606
2018-08-15,2018-08-15 09:20:00+00:00,2018-08-15 10:20:00+00:00,long,1187.098,1185.298,1190.6979999999999,-1.0,1194.128,1186.438,-0.5073433378073839
2018-08-16,2018-08-16 08:10:00+00:00,2018-08-16 08:15:00+00:00,short,1178.209,1179.638,1175.3510000000003,-1.0,1178.638,1160.168,-1.507343337807384
2018-08-17,2018-08-17 08:10:00+00:00,2018-08-17 12:00:00+00:00,short,1178.579,1180.639,1174.459,0.8300970873786804,1179.259,1171.838,-0.6772462504287036
2018-08-21,2018-08-21 09:00:00+00:00,2018-08-21 12:00:00+00:00,short,1195.308,1196.812,1192.3000000000002,2.133244680851096,1195.812,1191.058,1.4559984304223923
2018-08-22,2018-08-22 08:50:00+00:00,2018-08-22 12:00:00+00:00,long,1195.118,1193.098,1199.158,1.9772277227722976,1197.762,1194.592,3.43322615319469
2018-08-24,2018-08-24 08:00:00+00:00,2018-08-24 08:25:00+00:00,short,1189.188,1190.608,1186.3480000000004,-1.0,1189.519,1183.118,2.43322615319469
2018-08-27,2018-08-27 09:15:00+00:00,2018-08-27 12:00:00+00:00,long,1203.858,1202.458,1206.6579999999997,1.4435714285715393,1207.829,1203.458,3.8767975817662297
2018-08-29,2018-08-29 08:50:00+00:00,2018-08-29 12:00:00+00:00,short,1203.509,1205.719,1199.089,0.5099547511311919,1204.719,1201.648,4.386752332897421
2018-09-03,2018-09-03 09:40:00+00:00,2018-09-03 12:00:00+00:00,short,1201.268,1202.588,1198.6280000000002,1.5143939393940304,1201.269,1195.648,5.901146272291451
2018-09-05,2018-09-05 08:50:00+00:00,2018-09-05 12:00:00+00:00,short,1194.188,1195.579,1191.4060000000004,0.5176132278936775,1194.579,1190.878,6.4187595001851285
2018-09-07,2018-09-07 08:00:00+00:00,2018-09-07 12:00:00+00:00,long,1200.338,1198.238,1204.5379999999998,0.31000000000004546,1203.481,1199.238,6.728759500185174
2018-09-11,2018-09-11 08:15:00+00:00,2018-09-11 12:00:00+00:00,short,1195.458,1197.479,1191.4160000000002,0.8307768431470174,1196.178,1193.018,7.559536343332192
2018-09-13,2018-09-13 08:40:00+00:00,2018-09-13 12:00:00+00:00,short,1206.469,1208.191,1203.025,0.13414634146341303,1207.191,1203.781,7.693682684795605
2018-09-17,2018-09-17 08:40:00+00:00,2018-09-17 10:15:00+00:00,short,1195.969,1197.679,1192.549,-1.0,1196.068,1192.758,6.693682684795605
2018-09-19,2018-09-19 08:20:00+00:00,2018-09-19 12:00:00+00:00,short,1203.561,1205.059,1200.5649999999998,0.7423230974631626,1204.059,1198.129,7.436005782258768
2018-09-20,2018-09-20 09:20:00+00:00,2018-09-20 12:00:00+00:00,long,1203.121,1201.811,1205.7410000000004,1.8908396946561337,1206.552,1203.049,9.326845476914901
2018-09-24,2018-09-24 08:05:00+00:00,2018-09-24 08:55:00+00:00,short,1197.829,1199.228,1195.0309999999997,-1.0,1198.228,1195.138,8.326845476914901
2018-09-25,2018-09-25 08:05:00+00:00,2018-09-25 10:35:00+00:00,short,1198.509,1200.689,1194.149,-1.0,1199.418,1197.078,7.326845476914901
2018-09-26,2018-09-26 08:05:00+00:00,2018-09-26 09:20:00+00:00,long,1200.588,1198.868,1204.028,-1.0,1202.428,1199.868,6.326845476914901
2018-09-28,2018-09-28 08:05:00+00:00,2018-09-28 11:40:00+00:00,long,1183.069,1181.808,1185.591,-1.0,1185.468,1182.949,5.326845476914901
2018-10-02,2018-10-02 09:00:00+00:00,2018-10-02 12:00:00+00:00,short,1192.898,1194.148,1190.398,1.6511999999999898,1192.971,1188.739,6.9780454769148905
2018-10-04,2018-10-04 08:30:00+00:00,2018-10-04 11:35:00+00:00,short,1198.828,1200.459,1195.5659999999998,-1.0,1198.868,1195.968,5.9780454769148905
2018-10-09,2018-10-09 08:00:00+00:00,2018-10-09 09:20:00+00:00,long,1189.688,1187.688,1193.688,-1.0,1191.838,1189.128,4.9780454769148905
2018-10-10,2018-10-10 08:00:00+00:00,2018-10-10 08:10:00+00:00,long,1188.811,1187.658,1191.117,-1.0,1191.309,1188.688,3.9780454769148905
2018-10-12,2018-10-12 08:10:00+00:00,2018-10-12 08:25:00+00:00,long,1217.982,1216.609,1220.728,-1.0,1222.119,1217.611,2.9780454769148905
2018-10-16,2018-10-16 09:05:00+00:00,2018-10-16 10:45:00+00:00,short,1228.231,1229.832,1225.0289999999998,-1.0,1228.511,1225.008,1.9780454769148905
2018-10-17,2018-10-17 08:10:00+00:00,2018-10-17 08:40:00+00:00,short,1224.699,1226.692,1220.7130000000002,-1.0,1225.692,1220.549,0.9780454769148905
2018-10-18,2018-10-18 08:20:00+00:00,2018-10-18 12:00:00+00:00,long,1221.818,1220.468,1224.5179999999998,2.0108148148148293,1224.101,1221.468,2.98886029172972
2018-10-24,2018-10-24 08:50:00+00:00,2018-10-24 11:35:00+00:00,long,1230.889,1229.578,1233.5109999999997,-1.0,1233.559,1230.839,1.9888602917297198
2018-10-31,2018-10-31 08:05:00+00:00,2018-10-31 12:00:00+00:00,long,1216.243,1214.243,1220.243,0.6650000000000773,1222.803,1215.39,2.653860291729797
2018-11-02,2018-11-02 08:40:00+00:00,2018-11-02 09:45:00+00:00,short,1234.358,1235.938,1231.1979999999996,-1.0,1234.388,1231.108,1.653860291729797
2018-11-05,2018-11-05 09:35:00+00:00,2018-11-05 12:00:00+00:00,long,1231.225,1229.825,1234.0249999999996,0.1642857142857433,1235.048,1231.165,1.8181460060155403
2018-11-07,2018-11-07 08:15:00+00:00,2018-11-07 09:40:00+00:00,short,1231.798,1233.628,1228.1380000000001,-1.0,1232.098,1222.945,0.8181460060155403
2018-11-08,2018-11-08 08:35:00+00:00,2018-11-08 12:00:00+00:00,long,1223.525,1221.718,1227.1390000000001,0.21748754842268853,1226.775,1222.718,1.035633554438229
2018-11-13,2018-11-13 08:15:00+00:00,2018-11-13 09:25:00+00:00,long,1201.625,1200.448,1203.9789999999998,-1.0,1205.115,1201.448,0.03563355443822891
2018-11-15,2018-11-15 09:45:00+00:00,2018-11-15 12:00:00+00:00,short,1211.345,1214.938,1204.1589999999999,0.45365989423881864,1212.155,1208.205,0.48929344867704755
2018-11-16,2018-11-16 08:40:00+00:00,2018-11-16 12:00:00+00:00,short,1216.405,1217.855,1213.5049999999999,0.28275862068970276,1216.718,1213.775,0.7720520693667503
2018-11-20,2018-11-20 09:15:00+00:00,2018-11-20 12:00:00+00:00,short,1224.055,1225.738,1220.689,-0.37611408199645924,1224.128,1221.065,0.39593798737029107
2018-11-22,2018-11-22 08:25:00+00:00,2018-11-22 10:15:00+00:00,short,1227.488,1228.655,1225.1540000000002,-1.0,1227.655,1224.795,-0.6040620126297089
2018-11-26,2018-11-26 08:35:00+00:00,2018-11-26 12:00:00+00:00,short,1225.645,1227.045,1222.8449999999998,-0.3428571428571336,1225.978,1222.175,-0.9469191554868426
2018-11-27,2018-11-27 08:50:00+00:00,2018-11-27 12:00:00+00:00,long,1221.325,1219.798,1224.3790000000001,1.856712508185983,1223.258,1220.95,0.9097933526991404
2018-11-28,2018-11-28 08:20:00+00:00,2018-11-28 12:00:00+00:00,long,1213.508,1211.588,1217.3480000000002,0.8630208333332617,1215.325,1212.588,1.7728141860324023
2018-11-29,2018-11-29 08:35:00+00:00,2018-11-29 12:00:00+00:00,short,1225.495,1227.395,1221.6949999999997,0.22631578947358721,1225.598,1220.628,1.9991299755059895
2018-11-30,2018-11-30 08:15:00+00:00,2018-11-30 10:05:00+00:00,long,1223.595,1221.905,1226.9750000000001,-1.0,1225.475,1223.485,0.9991299755059895
2018-12-05,2018-12-05 08:05:00+00:00,2018-12-05 12:00:00+00:00,long,1234.358,1232.865,1237.3439999999998,2.0112525117214055,1238.775,1234.115,3.010382487227395
2018-12-06,2018-12-06 09:35:00+00:00,2018-12-06 10:30:00+00:00,long,1237.275,1236.018,1239.7890000000002,-1.0,1240.748,1237.245,2.010382487227395
2018-12-07,2018-12-07 08:15:00+00:00,2018-12-07 11:10:00+00:00,short,1240.485,1241.778,1237.8989999999997,-1.0,1240.508,1237.245,1.0103824872273952
2018-12-10,2018-12-10 08:00:00+00:00,2018-12-10 08:55:00+00:00,long,1248.188,1246.278,1252.0080000000003,-1.0,1250.258,1247.568,0.01038248722739521
2018-12-11,2018-12-11 08:10:00+00:00,2018-12-11 08:40:00+00:00,short,1247.135,1248.445,1244.515,-1.0,1247.4,1243.528,-0.9896175127726048
2018-12-12,2018-12-12 08:00:00+00:00,2018-12-12 12:00:00+00:00,long,1243.318,1240.905,1248.144,0.37173642768335285,1246.035,1242.975,-0.617881085089252
2018-12-13,2018-12-13 08:05:00+00:00,2018-12-13 12:00:00+00:00,short,1245.865,1247.338,1242.919,2.1247793618465884,1246.088,1244.0,1.5068982767573365
2018-12-17,2018-12-17 08:15:00+00:00,2018-12-17 10:10:00+00:00,short,1238.018,1239.235,1235.5840000000003,-1.0,1238.025,1235.725,0.5068982767573365
2018-12-18,2018-12-18 08:20:00+00:00,2018-12-18 11:05:00+00:00,short,1248.308,1249.898,1245.1280000000002,-1.0,1248.898,1245.378,-0.49310172324266355
2018-12-19,2018-12-19 08:45:00+00:00,2018-12-19 12:00:00+00:00,short,1251.055,1252.298,1248.5690000000002,2.0854384553499923,1251.258,1248.455,1.5923367321073287
2018-12-21,2018-12-21 08:25:00+00:00,2018-12-21 12:00:00+00:00,short,1261.758,1263.555,1258.164,1.824819143016133,1262.555,1258.755,3.417155875123462
2018-12-24,2018-12-24 08:25:00+00:00,2018-12-24 12:00:00+00:00,short,1264.198,1265.878,1260.8380000000004,1.9777380952381323,1264.258,1258.738,5.394893970361594
2018-12-26,2018-12-26 08:25:00+00:00,2018-12-26 12:00:00+00:00,short,1273.115,1274.548,1270.249,0.5282623866015811,1273.485,1264.168,5.923156356963175
2018-12-27,2018-12-27 08:00:00+00:00,2018-12-27 12:00:00+00:00,long,1268.388,1265.668,1273.828,1.0393382352941065,1272.208,1268.148,6.962494592257282
2018-12-28,2018-12-28 08:15:00+00:00,2018-12-28 12:00:00+00:00,short,1278.378,1280.335,1274.4639999999997,0.15585079202852303,1278.788,1274.205,7.118345384285805
2018-12-31,2018-12-31 08:55:00+00:00,2018-12-31 09:50:00+00:00,short,1280.528,1281.928,1277.7279999999998,-1.0,1280.548,1277.365,6.118345384285805
2019-01-02,2019-01-02 08:10:00+00:00,2019-01-02 08:40:00+00:00,short,1285.525,1287.538,1281.4990000000003,-1.0,1286.448,1278.695,5.118345384285805
2019-01-03,2019-01-03 08:05:00+00:00,2019-01-03 12:00:00+00:00,short,1288.768,1291.188,1283.9279999999999,0.7314049586776564,1290.188,1285.028,5.849750342963461
2019-01-04,2019-01-04 08:05:00+00:00,2019-01-04 08:40:00+00:00,long,1294.925,1292.895,1298.985,-1.0,1298.538,1293.895,4.849750342963461
2019-01-07,2019-01-07 08:15:00+00:00,2019-01-07 12:00:00+00:00,short,1291.485,1292.958,1288.5389999999995,0.02715546503731068,1291.655,1282.555,4.876905808000772
2019-01-09,2019-01-09 09:25:00+00:00,2019-01-09 10:30:00+00:00,long,1281.865,1280.505,1284.5849999999998,-1.0,1287.015,1281.505,3.876905808000772
2019-01-11,2019-01-11 08:20:00+00:00,2019-01-11 12:00:00+00:00,short,1294.168,1295.928,1290.6479999999995,1.092613636363502,1294.255,1287.475,4.969519444364273
2019-01-14,2019-01-14 08:15:00+00:00,2019-01-14 08:55:00+00:00,short,1292.578,1294.105,1289.524,-1.0,1292.635,1287.888,3.9695194443642734
2019-01-23,2019-01-23 08:20:00+00:00,2019-01-23 12:00:00+00:00,short,1285.558,1286.968,1282.7379999999998,0.25744680851066337,1285.615,1283.005,4.226966252874937
2019-01-25,2019-01-25 09:35:00+00:00,2019-01-25 11:20:00+00:00,short,1282.908,1284.525,1279.6739999999995,-1.0,1283.038,1280.0,3.226966252874937
2019-01-30,2019-01-30 08:35:00+00:00,2019-01-30 12:00:00+00:00,short,1315.268,1316.708,1312.388,1.245138888888925,1315.295,1310.498,4.472105141763862
2019-01-31,2019-01-31 08:30:00+00:00,2019-01-31 10:35:00+00:00,short,1320.795,1322.285,1317.815,-1.0,1321.045,1317.385,3.472105141763862
2019-02-05,2019-02-05 09:30:00+00:00,2019-02-05 12:00:00+00:00,long,1311.335,1309.885,1314.2350000000001,1.9948965517241333,1315.255,1311.178,5.467001693487996
2019-02-11,2019-02-11 08:05:00+00:00,2019-02-11 08:50:00+00:00,long,1310.698,1309.465,1313.1640000000004,-1.0,1314.815,1310.475,4.467001693487996
2019-02-14,2019-02-14 08:05:00+00:00,2019-02-14 12:00:00+00:00,short,1308.625,1310.315,1305.245,1.61952662721893,1309.315,1306.918,6.086528320706925
2019-02-19,2019-02-19 08:15:00+00:00,2019-02-19 08:25:00+00:00,short,1326.185,1327.478,1323.5989999999997,-1.0,1326.478,1323.305,5.086528320706925
2019-02-22,2019-02-22 08:05:00+00:00,2019-02-22 12:00:00+00:00,short,1326.265,1327.495,1323.8050000000005,2.1040650406505144,1326.408,1324.038,7.19059336135744
2019-02-27,2019-02-27 08:40:00+00:00,2019-02-27 12:00:00+00:00,long,1326.935,1325.255,1330.2949999999996,-0.011904761904752238,1329.808,1326.375,7.178688599452688
2019-03-05,2019-03-05 08:20:00+00:00,2019-03-05 09:15:00+00:00,long,1285.635,1284.335,1288.235,-1.0,1289.535,1285.525,6.178688599452688
2019-03-06,2019-03-06 08:00:00+00:00,2019-03-06 12:00:00+00:00,short,1288.695,1290.318,1285.4489999999998,1.9413431916204438,1289.318,1285.918,8.120031791073131
2019-03-07,2019-03-07 08:25:00+00:00,2019-03-07 12:00:00+00:00,long,1285.315,1283.055,1289.835,0.38495575221234263,1288.475,1284.305,8.504987543285473
2019-03-11,2019-03-11 08:00:00+00:00,2019-03-11 11:25:00+00:00,long,1296.685,1294.605,1300.8449999999998,-1.0,1298.635,1295.605,7.504987543285473
2019-03-14,2019-03-14 08:10:00+00:00,2019-03-14 09:00:00+00:00,long,1302.775,1301.545,1305.2350000000001,-1.0,1309.735,1302.635,6.504987543285473
2019-03-21,2019-03-21 08:15:00+00:00,2019-03-21 12:00:00+00:00,short,1318.718,1320.408,1315.3380000000004,1.9751479289941298,1319.008,1314.385,8.480135472279603
2019-03-22,2019-03-22 08:45:00+00:00,2019-03-22 08:55:00+00:00,short,1309.985,1311.555,1306.8449999999996,-1.0,1310.275,1306.778,7.480135472279603
2019-03-25,2019-03-25 08:10:00+00:00,2019-03-25 10:00:00+00:00,short,1316.438,1317.865,1313.5840000000003,-1.0,1316.548,1310.958,6.480135472279603
2019-03-26,2019-03-26 08:10:00+00:00,2019-03-26 09:25:00+00:00,long,1317.665,1315.838,1321.319,-1.0,1322.118,1317.345,5.480135472279603
2019-03-27,2019-03-27 08:05:00+00:00,2019-03-27 12:00:00+00:00,long,1315.038,1313.375,1318.364,1.8886349969933944,1318.425,1314.438,7.368770469272997
2019-03-28,2019-03-28 08:40:00+00:00,2019-03-28 10:30:00+00:00,long,1308.285,1306.218,1312.419,-1.0,1311.648,1307.218,6.368770469272997
2019-03-29,2019-03-29 08:30:00+00:00,2019-03-29 12:00:00+00:00,long,1288.805,1287.165,1292.0850000000003,2.186585365853616,1292.595,1288.328,8.555355835126612
2019-04-01,2019-04-01 08:10:00+00:00,2019-04-01 12:00:00+00:00,long,1290.948,1289.048,1294.7480000000003,0.061578947368398,1293.855,1290.268,8.61693478249501
2019-04-08,2019-04-08 08:00:00+00:00,2019-04-08 12:00:00+00:00,short,1296.735,1298.395,1293.4149999999997,-0.8734939759035988,1296.958,1291.575,7.743440806591411
2019-04-10,2019-04-10 08:40:00+00:00,2019-04-10 12:00:00+00:00,short,1304.428,1305.785,1301.7140000000002,0.5843773028740877,1304.785,1301.098,8.327818109465499
2019-04-12,2019-04-12 09:05:00+00:00,2019-04-12 09:30:00+00:00,short,1293.725,1294.955,1291.2649999999999,-1.0,1293.955,1291.118,7.327818109465499
2019-04-15,2019-04-15 08:30:00+00:00,2019-04-15 09:55:00+00:00,long,1287.175,1285.765,1289.9949999999997,-1.0,1290.338,1287.1,6.327818109465499
2019-04-16,2019-04-16 09:20:00+00:00,2019-04-16 12:00:00+00:00,long,1283.698,1282.365,1286.3640000000003,0.08027006751685235,1288.325,1283.655,6.408088176982351
2019-04-17,2019-04-17 08:05:00+00:00,2019-04-17 12:00:00+00:00,short,1278.768,1280.238,1275.828,1.98952380952381,1278.785,1274.775,8.39761198650616
2019-04-18,2019-04-18 08:20:00+00:00,2019-04-18 08:55:00+00:00,short,1274.728,1276.038,1272.1080000000002,-1.0,1274.738,1271.505,7.39761198650616
2019-04-25,2019-04-25 08:20:00+00:00,2019-04-25 12:00:00+00:00,short,1276.745,1278.195,1273.8449999999998,0.4827586206895146,1276.755,1273.308,7.880370607195674
2019-04-26,2019-04-26 09:50:00+00:00,2019-04-26 12:00:00+00:00,short,1280.805,1282.388,1277.6390000000004,-0.4693619709412543,1281.005,1277.438,7.41100863625442
2019-04-30,2019-04-30 08:35:00+00:00,2019-04-30 11:05:00+00:00,short,1283.908,1285.525,1280.6739999999995,-1.0,1284.098,1280.318,6.41100863625442
2019-05-06,2019-05-06 09:40:00+00:00,2019-05-06 11:35:00+00:00,long,1282.128,1280.595,1285.1939999999997,-1.0,1285.118,1281.595,5.41100863625442
2019-05-07,2019-05-07 08:10:00+00:00,2019-05-07 11:30:00+00:00,long,1281.375,1280.138,1283.8490000000002,-1.0,1283.605,1281.368,4.41100863625442
2019-05-08,2019-05-08 08:20:00+00:00,2019-05-08 09:45:00+00:00,short,1287.095,1288.215,1284.8550000000002,-1.0,1287.215,1284.548,3.4110086362544196
2019-05-13,2019-05-13 08:25:00+00:00,2019-05-13 12:00:00+00:00,long,1283.045,1281.795,1285.545,0.17600000000002183,1288.468,1282.818,3.5870086362544416
2019-05-14,2019-05-14 08:10:00+00:00,2019-05-14 11:05:00+00:00,long,1298.218,1296.585,1301.4840000000002,-1.0,1303.245,1298.058,2.5870086362544416
2019-05-15,2019-05-15 09:15:00+00:00,2019-05-15 12:00:00+00:00,short,1297.998,1299.668,1294.6580000000004,-1.4790419161678179,1298.085,1294.358,1.1079667200866237
2019-05-16,2019-05-16 08:00:00+00:00,2019-05-16 12:00:00+00:00,short,1297.125,1299.578,1292.219,1.1047696697921177,1297.218,1295.075,2.2127363898787413
2019-05-20,2019-05-20 08:50:00+00:00,2019-05-20 12:00:00+00:00,long,1275.065,1273.405,1278.3850000000002,1.5319277108432332,1278.645,1275.035,3.7446641007219745
2019-05-21,2019-05-21 08:35:00+00:00,2019-05-21 11:20:00+00:00,long,1275.275,1273.995,1277.8350000000005,-1.0,1277.328,1275.088,2.7446641007219745
2019-05-22,2019-05-22 08:00:00+00:00,2019-05-22 12:00:00+00:00,long,1272.935,1271.858,1275.089,2.1923862581244307,1275.268,1272.858,4.937050358846405
2019-05-23,2019-05-23 08:00:00+00:00,2019-05-23 08:15:00+00:00,short,1274.178,1275.705,1271.1240000000005,-1.0,1274.565,1272.755,3.937050358846405
2019-05-24,2019-05-24 08:25:00+00:00,2019-05-24 09:15:00+00:00,long,1282.518,1281.245,1285.0640000000003,-1.0,1284.458,1282.435,2.937050358846405
2019-05-30,2019-05-30 08:50:00+00:00,2019-05-30 12:00:00+00:00,long,1277.355,1275.445,1281.1750000000002,0.35602094240839505,1280.268,1276.658,3.2930713012548
2019-06-04,2019-06-04 08:35:00+00:00,2019-06-04 12:00:00+00:00,short,1326.098,1329.255,1319.7839999999997,0.7380424453594597,1327.248,1321.555,4.03111374661426
2019-06-07,2019-06-07 09:15:00+00:00,2019-06-07 11:55:00+00:00,short,1334.145,1335.585,1331.2649999999999,-1.0,1334.235,1332.048,3.0311137466142597
2019-06-10,2019-06-10 08:30:00+00:00,2019-06-10 11:45:00+00:00,long,1326.745,1325.365,1329.5049999999997,-1.0,1337.658,1326.688,2.0311137466142597
2019-06-13,2019-06-13 08:10:00+00:00,2019-06-13 08:35:00+00:00,short,1337.515,1338.655,1335.2350000000004,-1.0,1337.655,1332.325,1.0311137466142597
2019-06-18,2019-06-18 08:10:00+00:00,2019-06-18 10:55:00+00:00,short,1345.775,1347.668,1341.9890000000005,-1.0,1345.865,1338.545,0.031113746614259696
2019-06-19,2019-06-19 08:35:00+00:00,2019-06-19 12:00:00+00:00,long,1342.945,1341.125,1346.5849999999998,0.32032967032972753,1347.468,1342.125,0.35144341694398723
2019-07-02,2019-07-02 08:20:00+00:00,2019-07-02 12:00:00+00:00,short,1393.038,1394.408,1390.2980000000002,0.795620437956208,1393.158,1383.785,1.1470638549001952
2019-07-04,2019-07-04 09:10:00+00:00,2019-07-04 12:00:00+00:00,long,1415.248,1411.028,1423.688,-0.22109004739336177,1421.595,1413.728,0.9259738075068334
2019-07-05,2019-07-05 08:25:00+00:00,2019-07-05 10:35:00+00:00,long,1414.685,1413.418,1417.219,-1.0,1421.268,1414.435,-0.07402619249316655
2019-07-08,2019-07-08 08:05:00+00:00,2019-07-08 12:00:00+00:00,short,1405.568,1407.335,1402.0339999999999,0.31126202603278896,1405.665,1395.185,0.2372358335396224
2019-07-09,2019-07-09 08:30:00+00:00,2019-07-09 08:50:00+00:00,long,1391.155,1388.878,1395.709,-1.0,1396.405,1390.668,-0.7627641664603776
2019-07-12,2019-07-12 08:35:00+00:00,2019-07-12 11:15:00+00:00,short,1409.415,1411.225,1405.795,1.6,1409.945,1403.568,0.8372358335396225
2019-07-16,2019-07-16 09:35:00+00:00,2019-07-16 12:00:00+00:00,short,1415.615,1417.188,1412.4689999999998,1.1551176096630007,1416.125,1410.965,1.992353443202623
2019-07-17,2019-07-17 08:05:00+00:00,2019-07-17 08:45:00+00:00,long,1403.385,1402.045,1406.0649999999998,-1.0,1406.838,1403.328,0.9923534432026231
2019-07-19,2019-07-19 08:00:00+00:00,2019-07-19 09:15:00+00:00,long,1439.505,1437.838,1442.8390000000004,-1.0,1445.228,1439.418,-0.007646556797376913
2019-07-25,2019-07-25 08:00:00+00:00,2019-07-25 08:40:00+00:00,short,1425.625,1426.915,1423.045,-1.0,1425.685,1421.638,-1.007646556797377
2019-07-26,2019-07-26 08:15:00+00:00,2019-07-26 11:00:00+00:00,short,1417.628,1419.195,1414.494,-1.0,1417.765,1413.675,-2.007646556797377
2019-07-29,2019-07-29 08:35:00+00:00,2019-07-29 12:00:00+00:00,long,1419.045,1417.165,1422.8050000000003,0.4202127659574031,1424.198,1418.585,-1.5874337908399738
2019-07-30,2019-07-30 08:05:00+00:00,2019-07-30 09:00:00+00:00,short,1425.795,1426.948,1423.489,-1.0,1425.855,1422.258,-2.587433790839974
2019-08-01,2019-08-01 08:20:00+00:00,2019-08-01 11:55:00+00:00,long,1404.605,1402.818,1408.179,1.6,1412.125,1404.198,-0.9874337908399737
2019-08-05,2019-08-05 08:35:00+00:00,2019-08-05 08:55:00+00:00,short,1455.805,1457.595,1452.2250000000001,-1.0,1455.905,1438.685,-1.9874337908399737
2019-08-12,2019-08-12 08:15:00+00:00,2019-08-12 12:00:00+00:00,long,1495.388,1493.408,1499.348,2.539090909090903,1501.058,1495.195,0.5516571182509291
2019-08-15,2019-08-15 08:55:00+00:00,2019-08-15 11:25:00+00:00,long,1515.945,1513.215,1521.405,1.6,1524.228,1515.695,2.151657118250929
2019-08-22,2019-08-22 08:30:00+00:00,2019-08-22 10:00:00+00:00,long,1499.275,1497.195,1503.4350000000004,-1.0,1503.598,1498.935,1.1516571182509292
2019-08-27,2019-08-27 08:10:00+00:00,2019-08-27 12:00:00+00:00,short,1531.248,1533.385,1526.9740000000002,-0.47730463266261525,1531.845,1525.538,0.674352485588314
2019-08-29,2019-08-29 09:05:00+00:00,2019-08-29 09:25:00+00:00,long,1539.498,1536.735,1545.0240000000003,-1.0,1545.138,1537.895,-0.32564751441168605
2019-08-30,2019-08-30 08:05:00+00:00,2019-08-30 12:00:00+00:00,long,1524.385,1521.098,1530.959,0.3894128384545054,1529.625,1522.098,0.06376532404281937
2019-09-02,2019-09-02 08:05:00+00:00,2019-09-02 09:00:00+00:00,long,1522.705,1521.015,1526.0849999999996,-1.0,1529.815,1522.658,-0.9362346759571807
2019-09-05,2019-09-05 08:00:00+00:00,2019-09-05 10:00:00+00:00,long,1542.745,1540.698,1546.8389999999995,-1.0,1551.625,1541.698,-1.9362346759571807
2019-09-09,2019-09-09 08:05:00+00:00,2019-09-09 12:00:00+00:00,long,1506.705,1503.595,1512.9249999999997,1.8870096463022579,1512.498,1505.375,-0.049225029654922814
2019-09-16,2019-09-16 08:50:00+00:00,2019-09-16 12:00:00+00:00,long,1501.998,1498.688,1508.618,0.6969788519637626,1512.065,1501.158,0.6477538223088398
2019-09-19,2019-09-19 08:20:00+00:00,2019-09-19 09:25:00+00:00,short,1496.835,1498.298,1493.909,-1.0,1497.298,1488.908,-0.3522461776911602
2019-09-23,2019-09-23 08:25:00+00:00,2019-09-23 08:45:00+00:00,short,1518.538,1520.718,1514.1779999999999,-1.0,1519.49,1511.575,-1.35224617769116
2019-09-24,2019-09-24 08:25:00+00:00,2019-09-24 12:00:00+00:00,short,1521.858,1523.645,1518.2839999999999,0.10632344711810347,1522.135,1519.325,-1.2459227305730567
2019-09-26,2019-09-26 08:00:00+00:00,2019-09-26 11:55:00+00:00,long,1507.815,1504.975,1513.4950000000003,-1.0,1511.068,1506.415,-2.2459227305730565
2019-10-01,2019-10-01 08:55:00+00:00,2019-10-01 12:00:00+00:00,long,1462.235,1460.625,1465.4549999999997,2.286956521739198,1474.695,1461.848,0.04103379116614159
2019-10-02,2019-10-02 08:05:00+00:00,2019-10-02 08:45:00+00:00,short,1481.575,1483.078,1478.5690000000002,-1.0,1481.855,1475.695,-0.9589662088338584
2019-10-03,2019-10-03 08:00:00+00:00,2019-10-03 12:00:00+00:00,long,1498.795,1496.568,1503.2490000000003,1.937943421643446,1502.695,1497.568,0.9789772128095875
2019-10-09,2019-10-09 09:15:00+00:00,2019-10-09 09:45:00+00:00,long,1504.125,1501.785,1508.8049999999998,-1.0,1508.705,1503.878,-0.021022787190412506
2019-10-11,2019-10-11 09:40:00+00:00,2019-10-11 12:00:00+00:00,short,1494.825,1499.205,1486.0650000000003,2.099086757990884,1497.165,1490.778,2.0780639708004713
2019-10-15,2019-10-15 09:35:00+00:00,2019-10-15 10:20:00+00:00,short,1494.865,1496.395,1491.805,-1.0,1495.395,1491.048,1.0780639708004713
2019-10-16,2019-10-16 08:15:00+00:00,2019-10-16 12:00:00+00:00,short,1484.335,1486.215,1480.5750000000003,1.9975531914893954,1484.895,1480.775,3.0756171622898667
2019-10-21,2019-10-21 08:05:00+00:00,2019-10-21 12:00:00+00:00,long,1489.066,1487.025,1493.148,0.4419402253797502,1492.755,1489.055,3.517557387669617
2019-10-24,2019-10-24 08:00:00+00:00,2019-10-24 09:30:00+00:00,long,1491.125,1488.768,1495.839,-1.0,1493.525,1490.908,2.517557387669617
2019-10-25,2019-10-25 08:20:00+00:00,2019-10-25 11:10:00+00:00,short,1504.568,1506.785,1500.1339999999998,-1.0,1504.868,1500.715,1.517557387669617
2019-10-28,2019-10-28 09:25:00+00:00,2019-10-28 12:00:00+00:00,short,1505.975,1507.715,1502.495,0.7971264367815726,1506.125,1503.208,2.3146838244511896
2019-10-30,2019-10-30 08:25:00+00:00,2019-10-30 09:00:00+00:00,short,1489.355,1490.528,1487.009,-1.0,1489.435,1486.948,1.3146838244511896
2019-10-31,2019-10-31 08:20:00+00:00,2019-10-31 09:00:00+00:00,short,1499.445,1501.125,1496.0849999999998,-1.0,1499.458,1493.895,0.3146838244511896
2019-11-01,2019-11-01 08:35:00+00:00,2019-11-01 12:00:00+00:00,short,1513.498,1515.038,1510.4180000000001,1.9354545454545642,1513.615,1509.358,2.2501383699057538
2019-11-04,2019-11-04 08:00:00+00:00,2019-11-04 12:00:00+00:00,short,1512.205,1514.958,1506.6989999999996,0.06538321830723795,1513.738,1510.385,2.3155215882129916
2019-11-05,2019-11-05 08:15:00+00:00,2019-11-05 09:05:00+00:00,long,1505.475,1503.695,1509.0349999999999,-1.0,1507.755,1504.695,1.3155215882129916
2019-11-06,2019-11-06 09:05:00+00:00,2019-11-06 09:50:00+00:00,short,1486.825,1488.288,1483.8990000000001,-1.0,1487.288,1483.768,0.3155215882129916
2019-11-08,2019-11-08 09:00:00+00:00,2019-11-08 12:00:00+00:00,short,1469.528,1471.498,1465.588,2.4446700507614034,1469.725,1465.645,2.760191638974395
2019-11-11,2019-11-11 08:00:00+00:00,2019-11-11 10:45:00+00:00,short,1462.535,1466.295,1455.015,-1.0,1463.728,1460.108,1.760191638974395
2019-11-12,2019-11-12 08:00:00+00:00,2019-11-12 08:10:00+00:00,long,1452.195,1450.795,1454.9949999999997,-1.0,1456.905,1452.155,0.760191638974395
2019-11-15,2019-11-15 09:10:00+00:00,2019-11-15 12:00:00+00:00,long,1463.695,1462.265,1466.5549999999996,1.7829370629370829,1469.718,1463.265,2.5431287019114777
2019-11-19,2019-11-19 08:00:00+00:00,2019-11-19 08:35:00+00:00,long,1470.058,1467.855,1474.464,-1.0,1475.328,1469.015,1.5431287019114777
2019-11-20,2019-11-20 09:20:00+00:00,2019-11-20 12:00:00+00:00,short,1475.975,1477.548,1472.8289999999997,1.0089001907183062,1476.198,1471.878,2.552028892629784
2019-11-22,2019-11-22 08:05:00+00:00,2019-11-22 08:30:00+00:00,short,1466.505,1467.945,1463.6250000000005,-1.0,1466.555,1463.445,1.5520288926297838
2019-11-25,2019-11-25 08:20:00+00:00,2019-11-25 12:00:00+00:00,long,1458.845,1456.505,1463.5249999999999,-0.8632478632478857,1462.085,1458.305,0.6887810293818981
2019-11-26,2019-11-26 08:05:00+00:00,2019-11-26 08:25:00+00:00,short,1455.335,1457.275,1451.455,-1.0,1456.275,1451.575,-0.3112189706181019
2019-12-03,2019-12-03 08:45:00+00:00,2019-12-03 09:40:00+00:00,short,1463.378,1465.008,1460.1179999999997,-1.0,1463.848,1460.335,-1.3112189706181019
2019-12-04,2019-12-04 09:05:00+00:00,2019-12-04 12:00:00+00:00,short,1478.025,1483.088,1467.8990000000003,0.08492988346831411,1481.015,1476.075,-1.2262890871497878
2019-12-05,2019-12-05 09:55:00+00:00,2019-12-05 12:00:00+00:00,long,1474.095,1472.469,1477.347,0.7257072570726204,1478.028,1473.688,-0.5005818300771674
2019-12-06,2019-12-06 09:00:00+00:00,2019-12-06 09:20:00+00:00,long,1475.348,1473.625,1478.7939999999999,-1.0,1476.385,1474.888,-1.5005818300771674
2019-12-09,2019-12-09 08:00:00+00:00,2019-12-09 11:55:00+00:00,short,1461.355,1463.825,1456.415,-1.0,1461.505,1459.015,-2.5005818300771674
2019-12-10,2019-12-10 08:15:00+00:00,2019-12-10 08:50:00+00:00,short,1462.655,1463.888,1460.189,-1.0,1462.705,1460.078,-3.5005818300771674
2019-12-11,2019-12-11 08:00:00+00:00,2019-12-11 08:55:00+00:00,short,1464.115,1466.525,1459.2949999999998,-1.0,1464.995,1462.945,-4.500581830077167
2019-12-16,2019-12-16 08:10:00+00:00,2019-12-16 08:15:00+00:00,short,1476.185,1477.828,1472.899,-1.0,1476.295,1473.108,-5.500581830077167
2019-12-17,2019-12-17 09:30:00+00:00,2019-12-17 09:45:00+00:00,short,1477.545,1478.655,1475.3250000000003,-1.0,1477.585,1474.328,-6.500581830077167
2019-12-18,2019-12-18 08:30:00+00:00,2019-12-18 09:00:00+00:00,short,1477.055,1478.285,1474.595,-1.0,1477.155,1474.958,-7.500581830077167
2019-12-20,2019-12-20 08:05:00+00:00,2019-12-20 12:00:00+00:00,long,1478.065,1476.705,1480.7850000000003,-0.21323529411760034,1479.475,1477.868,-7.713817124194768
2019-12-24,2019-12-24 08:25:00+00:00,2019-12-24 09:15:00+00:00,short,1490.708,1491.988,1488.1480000000001,-1.0,1490.785,1484.298,-8.713817124194769
2019-12-27,2019-12-27 08:35:00+00:00,2019-12-27 12:00:00+00:00,long,1509.638,1507.628,1513.658,0.36666666666670816,1513.898,1509.108,-8.34715045752806
2019-12-30,2019-12-30 08:10:00+00:00,2019-12-30 10:30:00+00:00,long,1513.525,1511.935,1516.7050000000004,-1.0,1515.738,1512.935,-9.34715045752806
2019-12-31,2019-12-31 08:00:00+00:00,2019-12-31 12:00:00+00:00,short,1524.065,1525.455,1521.2850000000003,1.49640287769809,1524.068,1514.755,-7.850747579829971
2020-01-02,2020-01-02 09:45:00+00:00,2020-01-02 11:50:00+00:00,short,1521.105,1522.348,1518.6190000000001,-1.0,1521.135,1517.115,-8.85074757982997
2020-01-03,2020-01-03 08:05:00+00:00,2020-01-03 09:00:00+00:00,short,1543.338,1544.955,1540.104,-1.0,1543.768,1528.728,-9.85074757982997
2020-01-07,2020-01-07 08:45:00+00:00,2020-01-07 11:30:00+00:00,short,1564.655,1567.365,1559.235,-1.0,1565.505,1555.248,-10.85074757982997
2020-01-08,2020-01-08 09:40:00+00:00,2020-01-08 10:15:00+00:00,long,1584.045,1582.085,1587.9650000000001,-1.0,1611.325,1583.538,-11.85074757982997
2020-01-14,2020-01-14 08:45:00+00:00,2020-01-14 12:00:00+00:00,short,1544.805,1546.818,1540.7790000000002,0.7898658718331887,1545.235,1535.828,-11.060881707996781
2020-01-15,2020-01-15 08:15:00+00:00,2020-01-15 12:00:00+00:00,short,1552.935,1554.315,1550.1749999999997,0.7152173913041845,1553.305,1546.288,-10.345664316692597
2020-01-21,2020-01-21 08:00:00+00:00,2020-01-21 08:40:00+00:00,long,1560.685,1558.335,1565.3849999999998,-1.0,1568.508,1559.938,-11.345664316692597
2020-01-22,2020-01-22 09:25:00+00:00,2020-01-22 10:50:00+00:00,short,1557.465,1558.645,1555.1049999999998,-1.0,1557.495,1550.3,-12.345664316692597
2020-01-23,2020-01-23 08:35:00+00:00,2020-01-23 09:25:00+00:00,long,1556.225,1554.325,1560.0249999999996,-1.0,1563.498,1555.758,-13.345664316692597
2020-01-24,2020-01-24 08:15:00+00:00,2020-01-24 08:30:00+00:00,long,1559.525,1557.885,1562.8050000000003,-1.0,1562.665,1559.325,-14.345664316692597
2020-01-27,2020-01-27 08:35:00+00:00,2020-01-27 12:00:00+00:00,long,1577.238,1575.528,1580.6580000000001,2.3005847953216234,1583.035,1577.235,-12.045079521370972
2020-01-28,2020-01-28 08:00:00+00:00,2020-01-28 12:00:00+00:00,long,1578.625,1576.115,1583.645,-0.05179282868530263,1582.965,1578.238,-12.096872350056275
2020-01-29,2020-01-29 08:05:00+00:00,2020-01-29 09:25:00+00:00,short,1568.265,1570.225,1564.3450000000005,-1.0,1569.225,1563.335,-13.096872350056275
2020-01-30,2020-01-30 08:05:00+00:00,2020-01-30 08:15:00+00:00,short,1580.535,1582.538,1576.5290000000002,-1.0,1580.765,1575.958,-14.096872350056275
2020-02-04,2020-02-04 08:00:00+00:00,2020-02-04 08:10:00+00:00,long,1572.125,1570.845,1574.685,-1.0,1579.545,1572.088,-15.096872350056275
2020-02-05,2020-02-05 08:25:00+00:00,2020-02-05 12:00:00+00:00,short,1559.348,1562.625,1552.7939999999999,1.843088190418059,1560.675,1552.025,-13.253784159638215
2020-02-07,2020-02-07 09:15:00+00:00,2020-02-07 12:00:00+00:00,long,1565.255,1563.785,1568.1950000000002,1.8371428571428443,1569.065,1564.785,-11.416641302495371
2020-02-10,2020-02-10 08:45:00+00:00,2020-02-10 12:00:00+00:00,short,1574.175,1576.048,1570.4289999999999,0.8969567538708069,1574.958,1567.905,-10.519684548624564
2020-02-11,2020-02-11 08:20:00+00:00,2020-02-11 12:00:00+00:00,long,1567.305,1565.405,1571.1050000000002,1.05789473684205,1572.245,1566.838,-9.461789811782515
2020-02-12,2020-02-12 08:05:00+00:00,2020-02-12 08:30:00+00:00,long,1564.705,1562.975,1568.165,-1.0,1568.555,1564.565,-10.461789811782515
2020-02-13,2020-02-13 08:00:00+00:00,2020-02-13 10:10:00+00:00,short,1574.778,1576.778,1570.778,-1.0,1574.815,1569.018,-11.461789811782515
2020-02-18,2020-02-18 08:10:00+00:00,2020-02-18 09:10:00+00:00,short,1587.028,1588.955,1583.1740000000002,-1.0,1587.355,1584.155,-12.461789811782515
2020-02-25,2020-02-25 08:05:00+00:00,2020-02-25 11:30:00+00:00,long,1644.338,1640.235,1652.544,1.6,1658.695,1642.755,-10.861789811782515
2020-02-26,2020-02-26 08:20:00+00:00,2020-02-26 08:25:00+00:00,short,1645.955,1648.258,1641.3489999999997,-1.0,1646.175,1636.805,-11.861789811782515
2020-02-28,2020-02-28 08:05:00+00:00,2020-02-28 10:05:00+00:00,long,1631.938,1625.538,1644.7380000000003,-1.0,1648.118,1628.555,-12.861789811782515
2020-03-02,2020-03-02 08:50:00+00:00,2020-03-02 09:15:00+00:00,short,1605.008,1607.518,1599.988,-1.0,1606.518,1581.515,-13.861789811782515
2020-03-04,2020-03-04 09:50:00+00:00,2020-03-04 12:00:00+00:00,long,1639.605,1636.148,1646.5190000000002,1.053803876193207,1647.518,1639.538,-12.807985935589308
2020-03-05,2020-03-05 08:35:00+00:00,2020-03-05 09:05:00+00:00,short,1640.125,1641.768,1636.839,-1.0,1640.768,1635.518,-13.807985935589308
2020-03-13,2020-03-13 08:00:00+00:00,2020-03-13 12:00:00+00:00,short,1591.065,1594.505,1584.185,2.079476744186043,1591.228,1551.265,-11.728509191403266
2020-03-16,2020-03-16 09:40:00+00:00,2020-03-16 10:10:00+00:00,long,1524.718,1519.225,1535.7040000000004,-1.0,1560.718,1523.845,-12.728509191403266
2020-03-17,2020-03-17 08:25:00+00:00,2020-03-17 08:35:00+00:00,long,1487.538,1483.265,1496.0839999999998,-1.0,1519.238,1485.355,-13.728509191403266
2020-03-24,2020-03-24 08:20:00+00:00,2020-03-24 09:45:00+00:00,short,1577.508,1591.311,1549.9020000000003,-1.0,1584.328,1560.258,-14.728509191403266
2020-03-25,2020-03-25 08:40:00+00:00,2020-03-25 11:30:00+00:00,long,1604.988,1598.448,1618.068,1.6,1631.705,1603.778,-13.128509191403266
2020-03-27,2020-03-27 08:00:00+00:00,2020-03-27 08:25:00+00:00,long,1621.368,1618.465,1627.174,-1.0,1628.048,1619.748,-14.128509191403266
2020-03-31,2020-03-31 09:00:00+00:00,2020-03-31 09:15:00+00:00,long,1611.518,1608.611,1617.3319999999999,-1.0,1618.848,1611.388,-15.128509191403266
2020-04-02,2020-04-02 08:00:00+00:00,2020-04-02 11:00:00+00:00,short,1592.778,1594.138,1590.0580000000002,1.6,1592.988,1582.818,-13.528509191403266
2020-04-03,2020-04-03 08:20:00+00:00,2020-04-03 11:50:00+00:00,short,1613.825,1618.455,1604.5650000000003,-1.0,1614.035,1608.318,-14.528509191403266
2020-04-07,2020-04-07 08:45:00+00:00,2020-04-07 09:30:00+00:00,long,1657.958,1653.638,1666.5980000000004,-1.0,1665.108,1656.0,-15.528509191403266
2020-04-08,2020-04-08 08:25:00+00:00,2020-04-08 09:25:00+00:00,short,1651.168,1653.808,1645.8879999999997,-1.0,1651.528,1640.398,-16.528509191403266
2020-04-13,2020-04-13 08:00:00+00:00,2020-04-13 08:55:00+00:00,short,1689.688,1692.158,1684.7480000000005,-1.0,1690.928,1678.848,-17.528509191403266
2020-04-14,2020-04-14 08:15:00+00:00,2020-04-14 12:00:00+00:00,short,1724.148,1727.978,1716.4879999999996,1.6819843342036487,1725.548,1711.238,-15.846524857199618
2020-04-17,2020-04-17 08:20:00+00:00,2020-04-17 08:30:00+00:00,long,1694.245,1691.618,1699.4989999999998,-1.0,1718.528,1692.618,-16.84652485719962
2020-04-20,2020-04-20 09:35:00+00:00,2020-04-20 10:35:00+00:00,short,1681.628,1684.548,1675.7879999999998,1.6,1683.548,1671.598,-15.246524857199619
2020-04-21,2020-04-21 09:00:00+00:00,2020-04-21 12:00:00+00:00,short,1692.165,1694.758,1686.9789999999998,3.3730042421904507,1692.248,1685.515,-11.873520615009168
2020-04-24,2020-04-24 08:00:00+00:00,2020-04-24 09:00:00+00:00,short,1728.068,1730.718,1722.7679999999998,-1.0,1728.988,1720.768,-12.873520615009168
2020-04-27,2020-04-27 08:00:00+00:00,2020-04-27 08:50:00+00:00,long,1720.668,1718.418,1725.168,-1.0,1727.225,1719.628,-13.873520615009168
2020-04-28,2020-04-28 09:30:00+00:00,2020-04-28 11:35:00+00:00,short,1708.498,1712.218,1701.058,-1.0,1710.388,1692.258,-14.873520615009168
2020-04-29,2020-04-29 08:15:00+00:00,2020-04-29 10:55:00+00:00,long,1706.388,1703.295,1712.5739999999996,-1.0,1713.138,1704.775,-15.873520615009168
2020-04-30,2020-04-30 08:10:00+00:00,2020-04-30 09:00:00+00:00,short,1715.945,1717.898,1712.039,-1.0,1716.188,1708.798,-16.87352061500917
2020-05-01,2020-05-01 08:00:00+00:00,2020-05-01 12:00:00+00:00,long,1673.018,1670.538,1677.978,2.1161290322580495,1690.338,1672.278,-14.75739158275112
2020-05-05,2020-05-05 08:10:00+00:00,2020-05-05 12:00:00+00:00,short,1702.468,1704.788,1697.8280000000002,2.1318965517241586,1703.788,1696.488,-12.625495031026961
2020-05-06,2020-05-06 08:10:00+00:00,2020-05-06 12:00:00+00:00,short,1707.038,1708.588,1703.938,2.372000000000016,1707.538,1701.0,-10.253495031026945
2020-05-07,2020-05-07 09:15:00+00:00,2020-05-07 12:00:00+00:00,short,1693.298,1696.678,1686.5379999999998,-0.5819526627219037,1693.788,1687.258,-10.835447693748849
2020-05-08,2020-05-08 09:00:00+00:00,2020-05-08 09:10:00+00:00,short,1718.898,1721.568,1713.5579999999998,-1.0,1720.568,1711.128,-11.835447693748849
2020-05-11,2020-05-11 09:35:00+00:00,2020-05-11 10:10:00+00:00,long,1702.125,1699.725,1706.9250000000002,-1.0,1712.058,1701.988,-12.835447693748849
2020-05-13,2020-05-13 08:10:00+00:00,2020-05-13 09:30:00+00:00,long,1700.188,1698.578,1703.4080000000004,1.6,1706.558,1700.068,-11.23544769374885
2020-05-15,2020-05-15 08:30:00+00:00,2020-05-15 09:10:00+00:00,short,1733.668,1737.025,1726.9539999999995,-1.0,1735.128,1728.428,-12.23544769374885
2020-05-19,2020-05-19 08:25:00+00:00,2020-05-19 10:05:00+00:00,long,1734.258,1732.338,1738.0980000000002,1.6,1740.115,1733.898,-10.63544769374885
2020-05-21,2020-05-21 08:10:00+00:00,2020-05-21 08:20:00+00:00,long,1737.755,1735.295,1742.6750000000002,-1.0,1747.415,1737.605,-11.63544769374885
2020-05-27,2020-05-27 09:00:00+00:00,2020-05-27 11:25:00+00:00,long,1705.115,1703.818,1707.709,1.6,1715.895,1705.005,-10.03544769374885
2020-05-28,2020-05-28 08:00:00+00:00,2020-05-28 08:05:00+00:00,short,1719.498,1720.538,1717.4180000000001,-1.0,1719.508,1708.925,-11.03544769374885
2020-05-29,2020-05-29 08:35:00+00:00,2020-05-29 08:45:00+00:00,short,1722.835,1724.968,1718.569,-1.0,1722.888,1712.428,-12.03544769374885
2020-06-05,2020-06-05 09:45:00+00:00,2020-06-05 10:05:00+00:00,long,1707.215,1705.545,1710.5549999999996,-1.0,1715.988,1706.925,-13.03544769374885
2020-06-09,2020-06-09 08:15:00+00:00,2020-06-09 08:30:00+00:00,short,1704.188,1706.275,1700.0140000000001,-1.0,1704.626,1693.705,-14.03544769374885
2020-06-10,2020-06-10 09:15:00+00:00,2020-06-10 11:20:00+00:00,short,1718.788,1720.498,1715.368,-1.0,1718.825,1712.898,-15.03544769374885
2020-06-15,2020-06-15 08:20:00+00:00,2020-06-15 09:15:00+00:00,long,1722.695,1718.915,1730.2549999999999,-1.0,1734.038,1720.965,-16.03544769374885
2020-06-16,2020-06-16 08:25:00+00:00,2020-06-16 12:00:00+00:00,short,1730.628,1733.725,1724.434,1.223764933806906,1732.725,1724.028,-14.811682759941943
2020-06-17,2020-06-17 08:05:00+00:00,2020-06-17 08:20:00+00:00,long,1724.145,1721.538,1729.359,-1.0,1729.015,1722.538,-15.811682759941943
2020-06-18,2020-06-18 08:50:00+00:00,2020-06-18 08:55:00+00:00,short,1730.198,1731.728,1727.1380000000001,-1.0,1730.258,1723.698,-16.811682759941945
2020-06-24,2020-06-24 08:25:00+00:00,2020-06-24 08:50:00+00:00,short,1770.775,1774.498,1763.3290000000002,-1.0,1773.498,1766.468,-17.811682759941945
2020-06-25,2020-06-25 08:15:00+00:00,2020-06-25 12:00:00+00:00,short,1765.948,1767.785,1762.2740000000001,2.409254218835061,1766.028,1758.255,-15.402428541106884
2020-06-26,2020-06-26 08:55:00+00:00,2020-06-26 12:00:00+00:00,short,1763.848,1767.198,1757.1479999999997,0.38805970149250796,1766.198,1758.058,-15.014368839614376
2020-06-30,2020-06-30 08:00:00+00:00,2020-06-30 12:00:00+00:00,short,1772.655,1774.668,1768.6290000000001,2.089518132141093,1773.058,1768.668,-12.924850707473283
2020-07-09,2020-07-09 08:15:00+00:00,2020-07-09 08:25:00+00:00,short,1811.758,1814.538,1806.198,-1.0,1812.905,1805.868,-13.924850707473283
2020-07-15,2020-07-15 09:20:00+00:00,2020-07-15 12:00:00+00:00,short,1810.858,1812.758,1807.0579999999998,2.121368421052604,1811.108,1805.598,-11.803482286420678
2020-07-16,2020-07-16 09:10:00+00:00,2020-07-16 09:25:00+00:00,long,1807.575,1805.795,1811.135,-1.0,1813.138,1807.495,-12.803482286420678
2020-07-20,2020-07-20 08:00:00+00:00,2020-07-20 08:40:00+00:00,short,1810.048,1811.268,1807.608,-1.0,1810.175,1805.565,-13.803482286420678
2020-10-06,2020-10-06 08:50:00+00:00,2020-10-06 12:00:00+00:00,long,1908.578,1906.508,1912.7179999999998,2.4589371980676686,1914.428,1908.088,-11.344545088353009
2020-11-23,2020-11-23 08:40:00+00:00,2020-11-23 08:55:00+00:00,long,1871.315,1869.385,1875.1750000000002,-1.0,1875.938,1870.385,-12.344545088353009
2020-11-25,2020-11-25 08:50:00+00:00,2020-11-25 09:35:00+00:00,short,1809.588,1813.518,1801.7279999999998,-1.0,1812.058,1801.495,-13.344545088353009
2021-02-19,2021-02-19 08:15:00+00:00,2021-02-19 12:00:00+00:00,short,1771.454,1775.701,1762.9599999999998,0.47068518954555927,1773.491,1760.44,-12.87385989880745
2021-03-04,2021-03-04 09:25:00+00:00,2021-03-04 10:25:00+00:00,long,1708.555,1705.564,1714.537,1.6,1719.959,1706.564,-11.27385989880745
2021-03-05,2021-03-05 08:00:00+00:00,2021-03-05 11:35:00+00:00,short,1694.398,1698.234,1686.7259999999999,-1.0,1697.234,1687.194,-12.27385989880745
2021-03-10,2021-03-10 08:20:00+00:00,2021-03-10 11:25:00+00:00,long,1711.245,1709.018,1715.6989999999996,-1.0,1719.475,1710.754,-13.27385989880745
2021-03-11,2021-03-11 09:30:00+00:00,2021-03-11 12:00:00+00:00,short,1735.258,1737.895,1729.9840000000002,1.2449753507774741,1735.848,1723.134,-12.028884548029975
2021-03-16,2021-03-16 08:05:00+00:00,2021-03-16 12:00:00+00:00,long,1730.004,1728.404,1733.2039999999997,1.8637500000000309,1737.124,1729.404,-10.165134548029943
2021-03-24,2021-03-24 09:45:00+00:00,2021-03-24 10:00:00+00:00,short,1734.118,1735.458,1731.4379999999996,-1.0,1734.309,1723.624,-11.165134548029943
2021-03-25,2021-03-25 08:55:00+00:00,2021-03-25 10:30:00+00:00,long,1732.075,1730.365,1735.4950000000001,-1.0,1739.049,1731.838,-12.165134548029943
2021-03-29,2021-03-29 08:00:00+00:00,2021-03-29 08:15:00+00:00,long,1726.795,1724.015,1732.355,-1.0,1732.788,1726.108,-13.165134548029943
2021-03-31,2021-03-31 09:00:00+00:00,2021-03-31 10:30:00+00:00,short,1685.605,1687.315,1682.185,-1.0,1686.315,1677.788,-14.165134548029943
2021-04-01,2021-04-01 09:05:00+00:00,2021-04-01 11:50:00+00:00,short,1714.818,1716.118,1712.218,1.6,1714.928,1705.638,-12.565134548029944
2021-04-08,2021-04-08 08:00:00+00:00,2021-04-08 10:10:00+00:00,short,1744.998,1746.618,1741.7580000000003,1.6,1745.298,1733.058,-10.965134548029944
2021-04-16,2021-04-16 08:25:00+00:00,2021-04-16 09:40:00+00:00,short,1765.858,1768.138,1761.298,-1.0,1766.128,1759.618,-11.965134548029944
2021-04-28,2021-04-28 09:40:00+00:00,2021-04-28 10:45:00+00:00,long,1766.435,1764.345,1770.6149999999998,-1.0,1775.395,1766.325,-12.965134548029944
2021-06-30,2021-06-30 08:25:00+00:00,2021-06-30 12:00:00+00:00,long,1756.628,1753.728,1762.4279999999997,0.9379310344828121,1764.538,1756.488,-12.027203513547132
2021-07-01,2021-07-01 08:10:00+00:00,2021-07-01 11:15:00+00:00,short,1775.808,1778.238,1770.9479999999999,-1.0,1777.155,1765.528,-13.027203513547132
2021-07-15,2021-07-15 08:00:00+00:00,2021-07-15 08:10:00+00:00,short,1829.798,1831.678,1826.0379999999998,-1.0,1829.858,1823.558,-14.027203513547132
2021-07-21,2021-07-21 08:15:00+00:00,2021-07-21 09:35:00+00:00,long,1805.048,1803.166,1808.8120000000001,1.6,1809.748,1805.008,-12.427203513547132
2021-07-22,2021-07-22 09:15:00+00:00,2021-07-22 10:05:00+00:00,long,1797.188,1795.508,1800.5480000000002,-1.0,1802.958,1797.098,-13.427203513547132
2021-07-23,2021-07-23 08:00:00+00:00,2021-07-23 12:00:00+00:00,short,1808.108,1810.568,1803.1879999999999,2.5390243902438847,1808.448,1802.048,-10.888179123303248
2021-08-03,2021-08-03 08:10:00+00:00,2021-08-03 12:00:00+00:00,long,1810.038,1808.128,1813.8580000000002,-0.0052356020942358516,1813.855,1809.308,-10.893414725397484
2021-08-04,2021-08-04 08:10:00+00:00,2021-08-04 09:55:00+00:00,short,1814.608,1816.015,1811.7939999999996,1.6,1814.698,1808.845,-9.293414725397485
2021-08-05,2021-08-05 08:10:00+00:00,2021-08-05 10:55:00+00:00,short,1811.208,1813.168,1807.2880000000005,-1.0,1811.838,1808.485,-10.293414725397485
2021-08-10,2021-08-10 08:40:00+00:00,2021-08-10 10:15:00+00:00,long,1731.158,1728.078,1737.3179999999998,-1.0,1737.568,1730.098,-11.293414725397485
2021-08-13,2021-08-13 08:05:00+00:00,2021-08-13 09:45:00+00:00,short,1756.258,1758.948,1750.878,-1.0,1756.898,1751.568,-12.293414725397485
2021-09-01,2021-09-01 08:15:00+00:00,2021-09-01 12:00:00+00:00,long,1811.205,1808.608,1816.399,0.6326530612245059,1815.838,1810.248,-11.660761664172979
2021-09-02,2021-09-02 09:05:00+00:00,2021-09-02 09:55:00+00:00,short,1815.635,1816.918,1813.0690000000002,-1.0,1815.918,1810.528,-12.660761664172979
2021-09-15,2021-09-15 08:00:00+00:00,2021-09-15 08:30:00+00:00,long,1802.078,1800.298,1805.638,-1.0,1804.528,1801.298,-13.660761664172979
2021-09-17,2021-09-17 08:30:00+00:00,2021-09-17 08:35:00+00:00,short,1762.104,1764.438,1757.436,-1.0,1762.768,1753.728,-14.660761664172979
2021-09-21,2021-09-21 08:05:00+00:00,2021-09-21 12:00:00+00:00,long,1760.858,1758.198,1766.1779999999997,2.1240601503759704,1766.018,1760.608,-12.53670151379701
2021-09-23,2021-09-23 08:35:00+00:00,2021-09-23 08:55:00+00:00,short,1767.117,1769.178,1762.9949999999997,-1.0,1767.584,1760.668,-13.53670151379701
2021-09-24,2021-09-24 08:35:00+00:00,2021-09-24 11:00:00+00:00,short,1755.037,1756.657,1751.7970000000003,-1.0,1755.188,1745.704,-14.53670151379701
2021-10-07,2021-10-07 08:05:00+00:00,2021-10-07 11:10:00+00:00,short,1764.005,1765.978,1760.0590000000002,1.6,1764.098,1756.355,-12.93670151379701
2021-10-26,2021-10-26 08:00:00+00:00,2021-10-26 12:00:00+00:00,long,1801.828,1798.832,1807.8199999999997,0.4138851802403418,1807.868,1801.724,-12.522816333556667
2021-11-04,2021-11-04 08:15:00+00:00,2021-11-04 12:00:00+00:00,long,1773.354,1771.774,1776.5140000000004,2.608101265822679,1778.178,1773.348,-9.914715067733988
2021-11-19,2021-11-19 08:10:00+00:00,2021-11-19 08:20:00+00:00,long,1858.998,1856.308,1864.3780000000002,-1.0,1863.634,1858.478,-10.914715067733988
2021-11-23,2021-11-23 08:00:00+00:00,2021-11-23 08:05:00+00:00,long,1808.104,1805.304,1813.704,-1.0,1812.318,1806.384,-11.914715067733988
2021-11-25,2021-11-25 08:50:00+00:00,2021-11-25 12:00:00+00:00,short,1794.058,1795.665,1790.844,2.0272557560672126,1794.155,1789.065,-9.887459311666776
2021-12-02,2021-12-02 08:05:00+00:00,2021-12-02 08:10:00+00:00,long,1775.198,1773.938,1777.718,-1.0,1781.875,1775.058,-10.887459311666776
2021-12-03,2021-12-03 09:40:00+00:00,2021-12-03 12:00:00+00:00,long,1767.938,1765.878,1772.0580000000004,2.0466019417475265,1776.358,1767.365,-8.840857369919249
2021-12-09,2021-12-09 08:10:00+00:00,2021-12-09 12:00:00+00:00,short,1786.168,1788.505,1781.4939999999995,2.2341463414633433,1787.028,1782.065,-6.606711028455905
2021-12-15,2021-12-15 08:00:00+00:00,2021-12-15 12:00:00+00:00,long,1768.288,1766.258,1772.348,1.1906403940886447,1773.755,1768.028,-5.41607063436726
2021-12-22,2021-12-22 08:00:00+00:00,2021-12-22 12:00:00+00:00,long,1787.698,1785.739,1791.6160000000002,1.755997958141767,1791.078,1787.255,-3.6600726762254934
2021-12-29,2021-12-29 08:55:00+00:00,2021-12-29 10:05:00+00:00,long,1804.098,1801.805,1808.6839999999997,-1.0,1807.578,1803.918,-4.660072676225493
2021-12-31,2021-12-31 09:05:00+00:00,2021-12-31 12:00:00+00:00,short,1819.034,1820.298,1816.5060000000003,0.20253164556970452,1819.164,1814.598,-4.457541030655788
2022-01-04,2022-01-04 09:10:00+00:00,2022-01-04 12:00:00+00:00,long,1804.178,1801.795,1808.9440000000002,0.02517834662188186,1806.994,1802.808,-4.432362684033906
2022-01-05,2022-01-05 08:25:00+00:00,2022-01-05 09:20:00+00:00,short,1816.184,1817.804,1812.9439999999997,-1.0,1816.368,1812.608,-5.432362684033906
2022-01-07,2022-01-07 08:55:00+00:00,2022-01-07 12:00:00+00:00,long,1790.468,1788.248,1794.9080000000001,1.2342342342342232,1793.168,1789.628,-4.198128449799683
2022-01-20,2022-01-20 09:55:00+00:00,2022-01-20 12:00:00+00:00,long,1838.428,1836.458,1842.3680000000002,0.15736040609134067,1843.978,1837.838,-4.040768043708343
2022-01-26,2022-01-26 09:30:00+00:00,2022-01-26 11:15:00+00:00,long,1846.518,1844.548,1850.458,-1.0,1849.448,1846.368,-5.040768043708343
2022-01-27,2022-01-27 08:25:00+00:00,2022-01-27 11:00:00+00:00,long,1812.938,1810.048,1818.7180000000003,-1.0,1821.858,1812.122,-6.040768043708343
2022-02-02,2022-02-02 08:10:00+00:00,2022-02-02 12:00:00+00:00,long,1797.398,1795.775,1800.6439999999996,2.3714109673445085,1801.518,1797.008,-3.669357076363834
2022-02-03,2022-02-03 09:20:00+00:00,2022-02-03 09:45:00+00:00,long,1805.558,1804.015,1808.6439999999998,-1.0,1808.875,1805.435,-4.669357076363834
2022-02-10,2022-02-10 08:00:00+00:00,2022-02-10 12:00:00+00:00,short,1833.328,1835.748,1828.4879999999998,0.3962809917355501,1834.658,1831.404,-4.2730760846282845
2022-02-11,2022-02-11 08:10:00+00:00,2022-02-11 12:00:00+00:00,short,1826.708,1828.498,1823.1280000000002,0.38547486033523387,1827.058,1822.988,-3.8876012242930504
2022-04-19,2022-04-19 08:00:00+00:00,2022-04-19 08:10:00+00:00,short,1978.018,1979.818,1974.4180000000001,-1.0,1978.818,1972.612,-4.88760122429305
2022-05-19,2022-05-19 08:20:00+00:00,2022-05-19 12:00:00+00:00,long,1813.61,1811.428,1817.9739999999995,3.140146654445622,1817.613,1813.013,-1.7474545698474282
2022-06-24,2022-06-24 08:20:00+00:00,2022-06-24 12:00:00+00:00,short,1826.518,1829.758,1820.038,0.26234567901238703,1826.988,1821.514,-1.4851088908350412
2022-07-08,2022-07-08 08:05:00+00:00,2022-07-08 08:20:00+00:00,long,1742.924,1736.618,1755.536,-1.0,1746.508,1739.424,-2.485108890835041
2022-07-13,2022-07-13 09:45:00+00:00,2022-07-13 10:55:00+00:00,short,1728.558,1729.734,1726.2060000000001,-1.0,1728.654,1722.668,-3.485108890835041
2022-07-20,2022-07-20 08:00:00+00:00,2022-07-20 10:40:00+00:00,long,1708.161,1706.351,1711.781,1.6,1713.294,1708.116,-1.885108890835041
2022-07-22,2022-07-22 08:35:00+00:00,2022-07-22 09:10:00+00:00,short,1718.408,1720.438,1714.3479999999995,-1.0,1718.908,1712.724,-2.885108890835041
2022-07-25,2022-07-25 08:55:00+00:00,2022-07-25 09:10:00+00:00,short,1728.419,1730.018,1725.2210000000002,-1.0,1728.764,1719.768,-3.885108890835041
2022-07-28,2022-07-28 09:55:00+00:00,2022-07-28 12:00:00+00:00,short,1741.245,1743.635,1736.4649999999997,0.31380753138074,1741.524,1733.828,-3.571301359454301
2022-07-29,2022-07-29 08:05:00+00:00,2022-07-29 12:00:00+00:00,short,1764.264,1766.944,1758.9039999999998,2.0014925373134145,1765.038,1752.524,-1.5698088221408866
2022-08-04,2022-08-04 08:20:00+00:00,2022-08-04 08:55:00+00:00,short,1774.237,1776.162,1770.3870000000002,-1.0,1774.514,1763.258,-2.5698088221408866
2022-08-08,2022-08-08 08:15:00+00:00,2022-08-08 09:50:00+00:00,short,1774.908,1777.358,1770.0079999999998,-1.0,1776.358,1771.01,-3.5698088221408866
2022-08-17,2022-08-17 08:20:00+00:00,2022-08-17 10:25:00+00:00,long,1773.798,1771.674,1778.046,-1.0,1781.608,1773.678,-4.569808822140887
2022-08-24,2022-08-24 08:10:00+00:00,2022-08-24 08:35:00+00:00,short,1747.728,1750.918,1741.3480000000004,-1.0,1747.988,1743.898,-5.569808822140887
2022-08-26,2022-08-26 08:40:00+00:00,2022-08-26 09:35:00+00:00,long,1752.224,1750.414,1755.8439999999998,-1.0,1757.348,1752.194,-6.569808822140887
2022-08-29,2022-08-29 08:15:00+00:00,2022-08-29 12:00:00+00:00,long,1721.918,1719.258,1727.2379999999996,2.0350375939849905,1736.058,1721.028,-4.534771228155897
2022-08-30,2022-08-30 08:00:00+00:00,2022-08-30 12:00:00+00:00,long,1734.084,1730.254,1741.7440000000004,-0.6595300261096515,1740.334,1733.512,-5.1943012542655485
2022-09-01,2022-09-01 08:20:00+00:00,2022-09-01 10:30:00+00:00,long,1703.324,1700.324,1709.324,-1.0,1708.794,1702.174,-6.1943012542655485
2022-09-05,2022-09-05 08:40:00+00:00,2022-09-05 10:15:00+00:00,short,1712.43,1714.948,1707.394,-1.0,1713.948,1707.574,-7.1943012542655485
2022-09-06,2022-09-06 08:50:00+00:00,2022-09-06 09:05:00+00:00,long,1713.548,1711.818,1717.008,-1.0,1726.566,1713.478,-8.194301254265548
2022-09-07,2022-09-07 08:10:00+00:00,2022-09-07 09:00:00+00:00,short,1703.238,1704.993,1699.7280000000003,-1.0,1703.678,1691.218,-9.194301254265548
2022-09-08,2022-09-08 08:25:00+00:00,2022-09-08 09:10:00+00:00,short,1717.021,1720.188,1710.6869999999997,-1.0,1719.188,1713.408,-10.194301254265548
2022-09-13,2022-09-13 09:35:00+00:00,2022-09-13 11:00:00+00:00,short,1727.004,1728.494,1724.024,-1.0,1727.464,1719.888,-11.194301254265548
2022-09-14,2022-09-14 08:10:00+00:00,2022-09-14 12:00:00+00:00,short,1704.684,1706.888,1700.276,0.6152450090744214,1704.988,1697.118,-10.579056245191127
2022-09-16,2022-09-16 09:05:00+00:00,2022-09-16 09:50:00+00:00,long,1662.228,1659.268,1668.1480000000001,-1.0,1667.564,1661.138,-11.579056245191127
2022-09-22,2022-09-22 09:55:00+00:00,2022-09-22 11:00:00+00:00,short,1666.505,1669.498,1660.5190000000002,-1.0,1667.018,1656.585,-12.579056245191127
2022-09-26,2022-09-26 08:15:00+00:00,2022-09-26 08:30:00+00:00,short,1643.925,1647.228,1637.3189999999997,-1.0,1645.768,1626.518,-13.579056245191127
2022-09-27,2022-09-27 08:05:00+00:00,2022-09-27 08:30:00+00:00,short,1634.955,1637.648,1629.569,-1.0,1636.255,1627.438,-14.579056245191127
2022-09-28,2022-09-28 08:20:00+00:00,2022-09-28 08:25:00+00:00,long,1622.797,1620.998,1626.395,-1.0,1630.445,1622.558,-15.579056245191127
2022-09-29,2022-09-29 08:00:00+00:00,2022-09-29 12:00:00+00:00,long,1646.815,1641.778,1656.8890000000001,0.9569188008735167,1659.285,1642.778,-14.62213744431761
2022-09-30,2022-09-30 09:40:00+00:00,2022-09-30 12:00:00+00:00,short,1667.928,1670.338,1663.1080000000004,1.9767634854772171,1667.968,1659.158,-12.645373958840393
2022-10-03,2022-10-03 08:10:00+00:00,2022-10-03 09:30:00+00:00,long,1662.446,1660.106,1667.1259999999997,-1.0,1669.385,1661.815,-13.645373958840393
2022-10-06,2022-10-06 08:00:00+00:00,2022-10-06 12:00:00+00:00,short,1723.844,1725.964,1719.6040000000003,2.260943396226457,1724.964,1717.874,-11.384430562613936
2022-10-07,2022-10-07 09:15:00+00:00,2022-10-07 12:00:00+00:00,short,1713.625,1715.724,1709.4270000000001,1.996474511672243,1713.737,1709.098,-9.387956050941693
2022-10-12,2022-10-12 08:30:00+00:00,2022-10-12 12:00:00+00:00,short,1671.588,1674.235,1666.294,1.4053645636570151,1672.065,1661.265,-7.982591487284678
2022-10-13,2022-10-13 09:55:00+00:00,2022-10-13 11:30:00+00:00,short,1674.805,1676.578,1671.2590000000002,-1.0,1675.325,1668.895,-8.982591487284678
2022-10-17,2022-10-17 08:25:00+00:00,2022-10-17 09:30:00+00:00,short,1653.198,1657.338,1644.9180000000003,-1.0,1653.998,1646.198,-9.982591487284678
2022-10-18,2022-10-18 09:05:00+00:00,2022-10-18 12:00:00+00:00,long,1649.588,1647.788,1653.1879999999999,1.9655555555555608,1660.707,1648.788,-8.017035931729117
2022-10-20,2022-10-20 09:55:00+00:00,2022-10-20 10:40:00+00:00,short,1634.778,1636.837,1630.66,-1.0,1634.837,1622.257,-9.017035931729117
2022-10-21,2022-10-21 08:45:00+00:00,2022-10-21 12:00:00+00:00,long,1620.158,1618.678,1623.1179999999995,1.9822972972973754,1628.107,1619.678,-7.034738634431742
2022-10-25,2022-10-25 08:05:00+00:00,2022-10-25 08:45:00+00:00,long,1647.718,1645.017,1653.1200000000001,-1.0,1654.778,1647.037,-8.034738634431742
2022-10-27,2022-10-27 08:00:00+00:00,2022-10-27 09:45:00+00:00,long,1663.728,1661.107,1668.9700000000003,-1.0,1670.648,1662.107,-9.034738634431742
2022-11-02,2022-11-02 08:05:00+00:00,2022-11-02 08:15:00+00:00,short,1652.518,1654.208,1649.138,-1.0,1653.208,1646.488,-10.034738634431742
2022-11-04,2022-11-04 08:20:00+00:00,2022-11-04 09:15:00+00:00,short,1648.148,1650.085,1644.2739999999997,-1.0,1648.418,1629.198,-11.034738634431742
2022-11-07,2022-11-07 08:10:00+00:00,2022-11-07 12:00:00+00:00,long,1670.868,1668.357,1675.8899999999999,2.122500995619296,1675.158,1670.228,-8.912237638812446
2022-11-08,2022-11-08 09:20:00+00:00,2022-11-08 12:00:00+00:00,long,1668.438,1666.178,1672.958,1.96106194690265,1676.578,1668.077,-6.951175691909796
2022-11-09,2022-11-09 08:45:00+00:00,2022-11-09 12:00:00+00:00,short,1712.318,1714.988,1706.9779999999998,1.8322097378277022,1712.338,1706.818,-5.118965954082094
2022-11-10,2022-11-10 09:20:00+00:00,2022-11-10 10:25:00+00:00,long,1706.357,1703.908,1711.255,-1.0,1712.148,1704.908,-6.118965954082094
2022-11-11,2022-11-11 09:10:00+00:00,2022-11-11 10:00:00+00:00,short,1762.167,1765.088,1756.3249999999998,-1.0,1762.988,1747.108,-7.118965954082094
2022-11-18,2022-11-18 08:00:00+00:00,2022-11-18 09:35:00+00:00,short,1764.258,1766.728,1759.318,-1.0,1765.588,1759.757,-8.118965954082094
2022-11-23,2022-11-23 08:15:00+00:00,2022-11-23 12:00:00+00:00,short,1741.998,1743.848,1738.2980000000002,1.9178378378378593,1742.738,1732.857,-6.201128116244235
2022-11-24,2022-11-24 08:45:00+00:00,2022-11-24 09:10:00+00:00,short,1755.908,1757.618,1752.4879999999998,-1.0,1756.618,1752.088,-7.201128116244235
2022-11-25,2022-11-25 08:15:00+00:00,2022-11-25 08:45:00+00:00,long,1752.437,1750.708,1755.8949999999995,-1.0,1760.958,1752.147,-8.201128116244234
2022-11-30,2022-11-30 08:05:00+00:00,2022-11-30 08:40:00+00:00,short,1755.448,1757.548,1751.2480000000003,-1.0,1755.628,1747.558,-9.201128116244234
2022-12-02,2022-12-02 08:45:00+00:00,2022-12-02 12:00:00+00:00,short,1802.018,1803.598,1798.8580000000002,2.0873417721519383,1802.398,1795.388,-7.113786344092296
2022-12-07,2022-12-07 09:00:00+00:00,2022-12-07 12:00:00+00:00,short,1774.358,1776.398,1770.278,1.264705882352928,1775.048,1768.588,-5.849080461739368
2022-12-14,2022-12-14 08:10:00+00:00,2022-12-14 11:45:00+00:00,long,1809.005,1806.095,1814.8250000000003,-1.0,1812.555,1808.058,-6.849080461739368
2022-12-28,2022-12-28 08:00:00+00:00,2022-12-28 08:05:00+00:00,long,1809.618,1808.278,1812.2979999999998,-1.0,1814.415,1809.505,-7.849080461739368
2022-12-29,2022-12-29 08:00:00+00:00,2022-12-29 12:00:00+00:00,long,1806.625,1803.985,1811.9050000000002,0.022727272727251197,1809.955,1804.985,-7.826353189012117
2023-02-01,2023-02-01 08:15:00+00:00,2023-02-01 12:00:00+00:00,long,1924.458,1922.595,1928.1840000000002,2.237681159420252,1928.665,1924.418,-5.588672029591866
2023-02-22,2023-02-22 08:15:00+00:00,2023-02-22 11:20:00+00:00,short,1838.315,1840.085,1834.775,1.6,1838.335,1834.458,-3.9886720295918656
2023-03-06,2023-03-06 08:00:00+00:00,2023-03-06 12:00:00+00:00,short,1856.015,1857.405,1853.2350000000004,2.608633093525271,1856.375,1850.668,-1.3800389360665948
2023-03-08,2023-03-08 08:10:00+00:00,2023-03-08 11:15:00+00:00,short,1813.515,1816.108,1808.3290000000004,-1.0,1814.045,1809.248,-2.380038936066595
2023-03-09,2023-03-09 09:05:00+00:00,2023-03-09 09:35:00+00:00,short,1816.305,1817.698,1813.519,-1.0,1816.345,1811.805,-3.380038936066595
2023-03-24,2023-03-24 08:00:00+00:00,2023-03-24 08:25:00+00:00,long,1990.425,1987.285,1996.7049999999997,-1.0,1994.825,1989.248,-4.380038936066595
2023-03-31,2023-03-31 09:10:00+00:00,2023-03-31 12:00:00+00:00,long,1977.655,1975.815,1981.3349999999998,1.861956521739151,1983.545,1977.565,-2.518082414327444
2023-04-05,2023-04-05 08:40:00+00:00,2023-04-05 12:00:00+00:00,short,2025.205,2026.825,2021.9649999999997,1.8888888888888578,2025.235,2019.198,-0.6291935254385863
2023-05-03,2023-05-03 08:00:00+00:00,2023-05-03 12:00:00+00:00,long,2015.038,2013.115,2018.884,0.2792511700468196,2019.465,2014.115,-0.3499423553917667
2023-05-17,2023-05-17 08:00:00+00:00,2023-05-17 08:15:00+00:00,long,1988.644,1986.434,1993.064,-1.0,1992.985,1987.684,-1.3499423553917667
2023-06-07,2023-06-07 09:25:00+00:00,2023-06-07 12:00:00+00:00,long,1962.905,1960.768,1967.1789999999999,-0.889096864763647,1966.688,1962.628,-2.239039220155414
2023-06-08,2023-06-08 08:00:00+00:00,2023-06-08 08:40:00+00:00,short,1946.954,1948.745,1943.372,-1.0,1947.745,1944.245,-3.239039220155414
2023-06-09,2023-06-09 08:50:00+00:00,2023-06-09 12:00:00+00:00,long,1962.528,1960.825,1965.934,1.9354081033470392,1965.558,1962.238,-1.3036311168083747
2023-06-13,2023-06-13 08:00:00+00:00,2023-06-13 08:30:00+00:00,short,1961.815,1963.394,1958.6570000000002,-1.0,1962.025,1955.885,-2.3036311168083747
2023-06-21,2023-06-21 08:00:00+00:00,2023-06-21 09:10:00+00:00,long,1934.755,1933.084,1938.0970000000002,-1.0,1939.375,1934.084,-3.3036311168083747
2023-06-22,2023-06-22 09:30:00+00:00,2023-06-22 10:25:00+00:00,long,1928.935,1926.655,1933.495,-1.0,1934.165,1927.885,-4.303631116808375
2023-07-05,2023-07-05 08:10:00+00:00,2023-07-05 09:05:00+00:00,short,1926.868,1928.658,1923.288,-1.0,1927.045,1923.115,-5.303631116808375
2023-07-17,2023-07-17 08:35:00+00:00,2023-07-17 09:50:00+00:00,short,1956.055,1958.345,1951.4750000000001,-1.0,1956.705,1950.835,-6.303631116808375
2023-07-19,2023-07-19 08:05:00+00:00,2023-07-19 12:00:00+00:00,short,1978.155,1979.915,1974.635,1.9806818181818098,1978.385,1973.965,-4.322949298626565
2023-07-31,2023-07-31 08:55:00+00:00,2023-07-31 12:00:00+00:00,long,1953.445,1951.755,1956.8249999999996,2.22840236686399,1958.785,1953.035,-2.094546931762575
2023-08-08,2023-08-08 08:05:00+00:00,2023-08-08 10:30:00+00:00,long,1931.445,1929.545,1935.2449999999997,1.6,1937.255,1931.075,-0.4945469317625748
2023-08-10,2023-08-10 08:00:00+00:00,2023-08-10 08:20:00+00:00,short,1919.075,1920.995,1915.2350000000004,-1.0,1919.095,1915.188,-1.4945469317625748
2023-08-17,2023-08-17 09:05:00+00:00,2023-08-17 09:45:00+00:00,short,1893.658,1895.095,1890.7839999999997,-1.0,1893.875,1889.545,-2.494546931762575
2023-08-23,2023-08-23 08:25:00+00:00,2023-08-23 08:45:00+00:00,short,1903.828,1905.165,1901.154,-1.0,1903.895,1898.385,-3.494546931762575
2023-08-25,2023-08-25 09:30:00+00:00,2023-08-25 12:00:00+00:00,short,1917.225,1918.925,1913.8249999999998,-1.0588235294118433,1917.485,1912.928,-4.553370461174418
2023-08-31,2023-08-31 09:05:00+00:00,2023-08-31 12:00:00+00:00,long,1944.488,1943.095,1947.2740000000001,0.55994256999279,1947.665,1944.095,-3.9934278911816277
2023-09-01,2023-09-01 09:30:00+00:00,2023-09-01 11:00:00+00:00,short,1943.965,1945.225,1941.445,-1.0,1944.005,1938.105,-4.993427891181628
2023-09-06,2023-09-06 08:45:00+00:00,2023-09-06 12:00:00+00:00,long,1924.345,1922.565,1927.905,0.7584269662920954,1928.375,1924.098,-4.235000924889532
2023-09-20,2023-09-20 08:00:00+00:00,2023-09-20 12:00:00+00:00,long,1928.825,1927.395,1931.6850000000002,2.200419580419539,1931.598,1928.395,-2.0345813444699936
2023-09-21,2023-09-21 09:45:00+00:00,2023-09-21 11:10:00+00:00,long,1924.525,1922.805,1927.9650000000001,-1.0,1929.605,1924.085,-3.0345813444699936
2023-09-22,2023-09-22 09:40:00+00:00,2023-09-22 12:00:00+00:00,short,1925.345,1926.945,1922.1450000000002,-0.06249999999994671,1925.415,1921.145,-3.0970813444699403
2023-10-12,2023-10-12 08:45:00+00:00,2023-10-12 09:50:00+00:00,short,1879.865,1881.985,1875.6250000000002,-1.0,1880.045,1874.355,-4.09708134446994
2023-10-25,2023-10-25 08:05:00+00:00,2023-10-25 09:25:00+00:00,long,1971.475,1969.625,1975.1749999999997,-1.0,1976.905,1970.665,-5.09708134446994
2023-11-02,2023-11-02 08:45:00+00:00,2023-11-02 09:15:00+00:00,short,1987.175,1989.355,1982.8149999999998,-1.0,1988.048,1983.275,-6.09708134446994
2023-11-03,2023-11-03 08:15:00+00:00,2023-11-03 09:00:00+00:00,short,1987.114,1989.074,1983.194,-1.0,1987.775,1983.155,-7.09708134446994
2023-11-10,2023-11-10 08:25:00+00:00,2023-11-10 08:50:00+00:00,long,1956.885,1954.705,1961.2450000000001,-1.0,1960.695,1956.295,-8.09708134446994
2023-11-17,2023-11-17 08:00:00+00:00,2023-11-17 08:50:00+00:00,short,1985.845,1988.585,1980.365,-1.0,1986.955,1981.638,-9.09708134446994
2023-11-30,2023-11-30 09:15:00+00:00,2023-11-30 09:50:00+00:00,long,2041.385,2039.545,2045.0649999999998,-1.0,2047.118,2041.264,-10.09708134446994
2023-12-20,2023-12-20 08:00:00+00:00,2023-12-20 12:00:00+00:00,short,2040.615,2043.225,2035.3950000000002,2.0191570881226237,2041.285,2036.605,-8.077924256347316
2023-12-27,2023-12-27 08:10:00+00:00,2023-12-27 09:25:00+00:00,short,2066.655,2069.058,2061.8490000000006,-1.0,2067.755,2063.825,-9.077924256347316
2023-12-29,2023-12-29 08:00:00+00:00,2023-12-29 08:10:00+00:00,short,2071.798,2073.268,2068.8579999999993,-1.0,2072.175,2065.975,-10.077924256347316
2024-01-05,2024-01-05 08:00:00+00:00,2024-01-05 08:15:00+00:00,long,2044.165,2041.855,2048.785,-1.0,2048.155,2043.055,-11.077924256347316
2024-01-09,2024-01-09 08:00:00+00:00,2024-01-09 12:00:00+00:00,short,2035.295,2039.078,2027.7290000000003,0.2643404705260444,2035.775,2030.245,-10.813583785821272
2024-01-18,2024-01-18 08:00:00+00:00,2024-01-18 11:45:00+00:00,short,2011.485,2013.218,2008.0189999999996,-1.0,2012.055,2005.705,-11.813583785821272
2024-01-25,2024-01-25 08:30:00+00:00,2024-01-25 12:00:00+00:00,long,2014.458,2011.805,2019.7640000000001,0.8318884281944453,2017.175,2014.435,-10.981695357626828
2024-01-31,2024-01-31 08:25:00+00:00,2024-01-31 08:40:00+00:00,short,2038.375,2040.258,2034.609,-1.0,2038.528,2032.735,-11.981695357626828
2024-02-07,2024-02-07 08:45:00+00:00,2024-02-07 12:00:00+00:00,long,2033.455,2031.945,2036.475,-0.32450331125828613,2036.055,2033.158,-12.306198668885115
2024-02-09,2024-02-09 08:20:00+00:00,2024-02-09 12:00:00+00:00,long,2032.285,2030.425,2036.0050000000003,-0.3478494623656546,2034.978,2031.785,-12.65404813125077
2024-02-15,2024-02-15 09:15:00+00:00,2024-02-15 09:40:00+00:00,short,1994.185,1995.715,1991.125,-1.0,1994.195,1990.175,-13.65404813125077
2024-02-16,2024-02-16 08:00:00+00:00,2024-02-16 10:40:00+00:00,short,2005.265,2006.555,2002.6850000000002,-1.0,2005.555,2002.228,-14.65404813125077
2024-02-23,2024-02-23 08:00:00+00:00,2024-02-23 08:05:00+00:00,long,2022.175,2020.684,2025.157,-1.0,2027.295,2022.115,-15.65404813125077
2024-02-29,2024-02-29 08:00:00+00:00,2024-02-29 12:00:00+00:00,short,2036.555,2038.245,2033.1750000000004,2.3822485207101542,2037.015,2033.855,-13.271799610540615
2024-03-01,2024-03-01 09:05:00+00:00,2024-03-01 12:00:00+00:00,long,2042.955,2039.105,2050.6549999999997,2.305454545454558,2046.755,2042.765,-10.966345065086056
2024-03-06,2024-03-06 08:00:00+00:00,2024-03-06 09:50:00+00:00,short,2127.985,2129.355,2125.2450000000003,1.6,2127.995,2123.615,-9.366345065086056
2024-06-19,2024-06-19 09:00:00+00:00,2024-06-19 12:00:00+00:00,short,2331.475,2333.615,2327.195,1.5102803738317672,2331.635,2326.348,-7.856064691254289
2025-01-08,2025-01-08 08:00:00+00:00,2025-01-08 09:05:00+00:00,short,2651.164,2653.825,2645.842000000001,-1.0,2651.375,2645.095,-8.85606469125429
2025-01-29,2025-01-29 08:00:00+00:00,2025-01-29 10:20:00+00:00,long,2760.145,2758.015,2764.405,1.6,2765.985,2759.965,-7.25606469125429
2025-01-31,2025-01-31 08:40:00+00:00,2025-01-31 08:55:00+00:00,long,2793.965,2792.138,2797.6190000000006,-1.0,2799.375,2793.735,-8.25606469125429
